"method","R0_value","mean_rt_overall","median_rt_overall","sd_rt","bias","abs_bias","rmse"
"ABM",1.5,1.19904931846412,1.13235660041942,0.609501590941565,-0.300950681535883,0.300950681535883,0.675469419454691
"ABM",1.5,1.19904931846412,1.13235660041942,0.609501590941565,-0.300950681535883,0.300950681535883,0.675469419454691
"ABM",1.5,1.19904931846412,1.13235660041942,0.609501590941565,-0.300950681535883,0.300950681535883,0.675469419454691
"ABM",1.5,1.19904931846412,1.13235660041942,0.609501590941565,-0.300950681535883,0.300950681535883,0.675469419454691
"ABM",1.5,1.19904931846412,1.13235660041942,0.609501590941565,-0.300950681535883,0.300950681535883,0.675469419454691
"ABM",1.5,1.19904931846412,1.13235660041942,0.609501590941565,-0.300950681535883,0.300950681535883,0.675469419454691
"ABM",1.5,1.19904931846412,1.13235660041942,0.609501590941565,-0.300950681535883,0.300950681535883,0.675469419454691
"ABM",1.5,1.19904931846412,1.13235660041942,0.609501590941565,-0.300950681535883,0.300950681535883,0.675469419454691
"ABM",1.5,1.19904931846412,1.13235660041942,0.609501590941565,-0.300950681535883,0.300950681535883,0.675469419454691
"ABM",1.5,1.19904931846412,1.13235660041942,0.609501590941565,-0.300950681535883,0.300950681535883,0.675469419454691
"ABM",1.5,1.19904931846412,1.13235660041942,0.609501590941565,-0.300950681535883,0.300950681535883,0.675469419454691
"ABM",1.5,1.19904931846412,1.13235660041942,0.609501590941565,-0.300950681535883,0.300950681535883,0.675469419454691
"ABM",1.5,1.19904931846412,1.13235660041942,0.609501590941565,-0.300950681535883,0.300950681535883,0.675469419454691
"ABM",1.5,1.19904931846412,1.13235660041942,0.609501590941565,-0.300950681535883,0.300950681535883,0.675469419454691
"ABM",1.5,1.19904931846412,1.13235660041942,0.609501590941565,-0.300950681535883,0.300950681535883,0.675469419454691
"ABM",1.5,1.19904931846412,1.13235660041942,0.609501590941565,-0.300950681535883,0.300950681535883,0.675469419454691
"ABM",1.5,1.19904931846412,1.13235660041942,0.609501590941565,-0.300950681535883,0.300950681535883,0.675469419454691
"ABM",1.5,1.19904931846412,1.13235660041942,0.609501590941565,-0.300950681535883,0.300950681535883,0.675469419454691
"ABM",1.5,1.19904931846412,1.13235660041942,0.609501590941565,-0.300950681535883,0.300950681535883,0.675469419454691
"ABM",1.5,1.19904931846412,1.13235660041942,0.609501590941565,-0.300950681535883,0.300950681535883,0.675469419454691
"ABM",1.5,1.19904931846412,1.13235660041942,0.609501590941565,-0.300950681535883,0.300950681535883,0.675469419454691
"ABM",1.5,1.19904931846412,1.13235660041942,0.609501590941565,-0.300950681535883,0.300950681535883,0.675469419454691
"ABM",1.5,1.19904931846412,1.13235660041942,0.609501590941565,-0.300950681535883,0.300950681535883,0.675469419454691
"ABM",1.5,1.19904931846412,1.13235660041942,0.609501590941565,-0.300950681535883,0.300950681535883,0.675469419454691
"ABM",1.5,1.19904931846412,1.13235660041942,0.609501590941565,-0.300950681535883,0.300950681535883,0.675469419454691
"ABM",1.5,1.19904931846412,1.13235660041942,0.609501590941565,-0.300950681535883,0.300950681535883,0.675469419454691
"ABM",1.5,1.19904931846412,1.13235660041942,0.609501590941565,-0.300950681535883,0.300950681535883,0.675469419454691
"ABM",1.5,1.19904931846412,1.13235660041942,0.609501590941565,-0.300950681535883,0.300950681535883,0.675469419454691
"ABM",1.5,1.19904931846412,1.13235660041942,0.609501590941565,-0.300950681535883,0.300950681535883,0.675469419454691
"ABM",1.5,1.19904931846412,1.13235660041942,0.609501590941565,-0.300950681535883,0.300950681535883,0.675469419454691
"ABM",1.5,1.19904931846412,1.13235660041942,0.609501590941565,-0.300950681535883,0.300950681535883,0.675469419454691
"ABM",1.5,1.19904931846412,1.13235660041942,0.609501590941565,-0.300950681535883,0.300950681535883,0.675469419454691
"ABM",1.5,1.19904931846412,1.13235660041942,0.609501590941565,-0.300950681535883,0.300950681535883,0.675469419454691
"ABM",1.5,1.19904931846412,1.13235660041942,0.609501590941565,-0.300950681535883,0.300950681535883,0.675469419454691
"ABM",1.5,1.19904931846412,1.13235660041942,0.609501590941565,-0.300950681535883,0.300950681535883,0.675469419454691
"ABM",1.5,1.19904931846412,1.13235660041942,0.609501590941565,-0.300950681535883,0.300950681535883,0.675469419454691
"ABM",1.5,1.19904931846412,1.13235660041942,0.609501590941565,-0.300950681535883,0.300950681535883,0.675469419454691
"ABM",1.5,1.19904931846412,1.13235660041942,0.609501590941565,-0.300950681535883,0.300950681535883,0.675469419454691
"ABM",1.5,1.19904931846412,1.13235660041942,0.609501590941565,-0.300950681535883,0.300950681535883,0.675469419454691
"ABM",1.5,1.19904931846412,1.13235660041942,0.609501590941565,-0.300950681535883,0.300950681535883,0.675469419454691
"ABM",1.5,1.19904931846412,1.13235660041942,0.609501590941565,-0.300950681535883,0.300950681535883,0.675469419454691
"ABM",1.5,1.19904931846412,1.13235660041942,0.609501590941565,-0.300950681535883,0.300950681535883,0.675469419454691
"ABM",1.5,1.19904931846412,1.13235660041942,0.609501590941565,-0.300950681535883,0.300950681535883,0.675469419454691
"ABM",1.5,1.19904931846412,1.13235660041942,0.609501590941565,-0.300950681535883,0.300950681535883,0.675469419454691
"ABM",1.5,1.19904931846412,1.13235660041942,0.609501590941565,-0.300950681535883,0.300950681535883,0.675469419454691
"ABM",1.5,1.19904931846412,1.13235660041942,0.609501590941565,-0.300950681535883,0.300950681535883,0.675469419454691
"ABM",1.5,1.19904931846412,1.13235660041942,0.609501590941565,-0.300950681535883,0.300950681535883,0.675469419454691
"ABM",1.5,1.19904931846412,1.13235660041942,0.609501590941565,-0.300950681535883,0.300950681535883,0.675469419454691
"ABM",1.5,1.19904931846412,1.13235660041942,0.609501590941565,-0.300950681535883,0.300950681535883,0.675469419454691
"ABM",1.5,1.19904931846412,1.13235660041942,0.609501590941565,-0.300950681535883,0.300950681535883,0.675469419454691
"ABM",1.5,1.19904931846412,1.13235660041942,0.609501590941565,-0.300950681535883,0.300950681535883,0.675469419454691
"ABM",1.5,1.19904931846412,1.13235660041942,0.609501590941565,-0.300950681535883,0.300950681535883,0.675469419454691
"ABM",1.5,1.19904931846412,1.13235660041942,0.609501590941565,-0.300950681535883,0.300950681535883,0.675469419454691
"ABM",1.5,1.19904931846412,1.13235660041942,0.609501590941565,-0.300950681535883,0.300950681535883,0.675469419454691
"ABM",1.5,1.19904931846412,1.13235660041942,0.609501590941565,-0.300950681535883,0.300950681535883,0.675469419454691
"ABM",1.5,1.19904931846412,1.13235660041942,0.609501590941565,-0.300950681535883,0.300950681535883,0.675469419454691
"ABM",1.5,1.19904931846412,1.13235660041942,0.609501590941565,-0.300950681535883,0.300950681535883,0.675469419454691
"ABM",1.5,1.19904931846412,1.13235660041942,0.609501590941565,-0.300950681535883,0.300950681535883,0.675469419454691
"ABM",1.5,1.19904931846412,1.13235660041942,0.609501590941565,-0.300950681535883,0.300950681535883,0.675469419454691
"ABM",1.5,1.19904931846412,1.13235660041942,0.609501590941565,-0.300950681535883,0.300950681535883,0.675469419454691
"ABM",1.5,1.19904931846412,1.13235660041942,0.609501590941565,-0.300950681535883,0.300950681535883,0.675469419454691
"ABM",1.5,1.19904931846412,1.13235660041942,0.609501590941565,-0.300950681535883,0.300950681535883,0.675469419454691
"ABM",1.5,1.19904931846412,1.13235660041942,0.609501590941565,-0.300950681535883,0.300950681535883,0.675469419454691
"ABM",1.5,1.19904931846412,1.13235660041942,0.609501590941565,-0.300950681535883,0.300950681535883,0.675469419454691
"ABM",2,0.859440989812529,0.414303251425788,0.783060003918236,-1.14055901018747,1.14055901018747,1.38002784086196
"ABM",2,0.859440989812529,0.414303251425788,0.783060003918236,-1.14055901018747,1.14055901018747,1.38002784086196
"ABM",2,0.859440989812529,0.414303251425788,0.783060003918236,-1.14055901018747,1.14055901018747,1.38002784086196
"ABM",2,0.859440989812529,0.414303251425788,0.783060003918236,-1.14055901018747,1.14055901018747,1.38002784086196
"ABM",2,0.859440989812529,0.414303251425788,0.783060003918236,-1.14055901018747,1.14055901018747,1.38002784086196
"ABM",2,0.859440989812529,0.414303251425788,0.783060003918236,-1.14055901018747,1.14055901018747,1.38002784086196
"ABM",2,0.859440989812529,0.414303251425788,0.783060003918236,-1.14055901018747,1.14055901018747,1.38002784086196
"ABM",2,0.859440989812529,0.414303251425788,0.783060003918236,-1.14055901018747,1.14055901018747,1.38002784086196
"ABM",2,0.859440989812529,0.414303251425788,0.783060003918236,-1.14055901018747,1.14055901018747,1.38002784086196
"ABM",2,0.859440989812529,0.414303251425788,0.783060003918236,-1.14055901018747,1.14055901018747,1.38002784086196
"ABM",2,0.859440989812529,0.414303251425788,0.783060003918236,-1.14055901018747,1.14055901018747,1.38002784086196
"ABM",2,0.859440989812529,0.414303251425788,0.783060003918236,-1.14055901018747,1.14055901018747,1.38002784086196
"ABM",2,0.859440989812529,0.414303251425788,0.783060003918236,-1.14055901018747,1.14055901018747,1.38002784086196
"ABM",2,0.859440989812529,0.414303251425788,0.783060003918236,-1.14055901018747,1.14055901018747,1.38002784086196
"ABM",2,0.859440989812529,0.414303251425788,0.783060003918236,-1.14055901018747,1.14055901018747,1.38002784086196
"ABM",2,0.859440989812529,0.414303251425788,0.783060003918236,-1.14055901018747,1.14055901018747,1.38002784086196
"ABM",2,0.859440989812529,0.414303251425788,0.783060003918236,-1.14055901018747,1.14055901018747,1.38002784086196
"ABM",2,0.859440989812529,0.414303251425788,0.783060003918236,-1.14055901018747,1.14055901018747,1.38002784086196
"ABM",2,0.859440989812529,0.414303251425788,0.783060003918236,-1.14055901018747,1.14055901018747,1.38002784086196
"ABM",2,0.859440989812529,0.414303251425788,0.783060003918236,-1.14055901018747,1.14055901018747,1.38002784086196
"ABM",2,0.859440989812529,0.414303251425788,0.783060003918236,-1.14055901018747,1.14055901018747,1.38002784086196
"ABM",2,0.859440989812529,0.414303251425788,0.783060003918236,-1.14055901018747,1.14055901018747,1.38002784086196
"ABM",2,0.859440989812529,0.414303251425788,0.783060003918236,-1.14055901018747,1.14055901018747,1.38002784086196
"ABM",2,0.859440989812529,0.414303251425788,0.783060003918236,-1.14055901018747,1.14055901018747,1.38002784086196
"ABM",2,0.859440989812529,0.414303251425788,0.783060003918236,-1.14055901018747,1.14055901018747,1.38002784086196
"ABM",2,0.859440989812529,0.414303251425788,0.783060003918236,-1.14055901018747,1.14055901018747,1.38002784086196
"ABM",2,0.859440989812529,0.414303251425788,0.783060003918236,-1.14055901018747,1.14055901018747,1.38002784086196
"ABM",2,0.859440989812529,0.414303251425788,0.783060003918236,-1.14055901018747,1.14055901018747,1.38002784086196
"ABM",2,0.859440989812529,0.414303251425788,0.783060003918236,-1.14055901018747,1.14055901018747,1.38002784086196
"ABM",2,0.859440989812529,0.414303251425788,0.783060003918236,-1.14055901018747,1.14055901018747,1.38002784086196
"ABM",2,0.859440989812529,0.414303251425788,0.783060003918236,-1.14055901018747,1.14055901018747,1.38002784086196
"ABM",2,0.859440989812529,0.414303251425788,0.783060003918236,-1.14055901018747,1.14055901018747,1.38002784086196
"ABM",2,0.859440989812529,0.414303251425788,0.783060003918236,-1.14055901018747,1.14055901018747,1.38002784086196
"ABM",2,0.859440989812529,0.414303251425788,0.783060003918236,-1.14055901018747,1.14055901018747,1.38002784086196
"ABM",2,0.859440989812529,0.414303251425788,0.783060003918236,-1.14055901018747,1.14055901018747,1.38002784086196
"ABM",2,0.859440989812529,0.414303251425788,0.783060003918236,-1.14055901018747,1.14055901018747,1.38002784086196
"ABM",2,0.859440989812529,0.414303251425788,0.783060003918236,-1.14055901018747,1.14055901018747,1.38002784086196
"ABM",2,0.859440989812529,0.414303251425788,0.783060003918236,-1.14055901018747,1.14055901018747,1.38002784086196
"ABM",2,0.859440989812529,0.414303251425788,0.783060003918236,-1.14055901018747,1.14055901018747,1.38002784086196
"ABM",2,0.859440989812529,0.414303251425788,0.783060003918236,-1.14055901018747,1.14055901018747,1.38002784086196
"ABM",2,0.859440989812529,0.414303251425788,0.783060003918236,-1.14055901018747,1.14055901018747,1.38002784086196
"ABM",2,0.859440989812529,0.414303251425788,0.783060003918236,-1.14055901018747,1.14055901018747,1.38002784086196
"ABM",2,0.859440989812529,0.414303251425788,0.783060003918236,-1.14055901018747,1.14055901018747,1.38002784086196
"ABM",2,0.859440989812529,0.414303251425788,0.783060003918236,-1.14055901018747,1.14055901018747,1.38002784086196
"ABM",2,0.859440989812529,0.414303251425788,0.783060003918236,-1.14055901018747,1.14055901018747,1.38002784086196
"ABM",2,0.859440989812529,0.414303251425788,0.783060003918236,-1.14055901018747,1.14055901018747,1.38002784086196
"ABM",2,0.859440989812529,0.414303251425788,0.783060003918236,-1.14055901018747,1.14055901018747,1.38002784086196
"ABM",2,0.859440989812529,0.414303251425788,0.783060003918236,-1.14055901018747,1.14055901018747,1.38002784086196
"ABM",2,0.859440989812529,0.414303251425788,0.783060003918236,-1.14055901018747,1.14055901018747,1.38002784086196
"ABM",2,0.859440989812529,0.414303251425788,0.783060003918236,-1.14055901018747,1.14055901018747,1.38002784086196
"ABM",2,0.859440989812529,0.414303251425788,0.783060003918236,-1.14055901018747,1.14055901018747,1.38002784086196
"ABM",2,0.859440989812529,0.414303251425788,0.783060003918236,-1.14055901018747,1.14055901018747,1.38002784086196
"ABM",2,0.859440989812529,0.414303251425788,0.783060003918236,-1.14055901018747,1.14055901018747,1.38002784086196
"ABM",2,0.859440989812529,0.414303251425788,0.783060003918236,-1.14055901018747,1.14055901018747,1.38002784086196
"ABM",2,0.859440989812529,0.414303251425788,0.783060003918236,-1.14055901018747,1.14055901018747,1.38002784086196
"ABM",2,0.859440989812529,0.414303251425788,0.783060003918236,-1.14055901018747,1.14055901018747,1.38002784086196
"ABM",2,0.859440989812529,0.414303251425788,0.783060003918236,-1.14055901018747,1.14055901018747,1.38002784086196
"ABM",2,0.859440989812529,0.414303251425788,0.783060003918236,-1.14055901018747,1.14055901018747,1.38002784086196
"ABM",2,0.859440989812529,0.414303251425788,0.783060003918236,-1.14055901018747,1.14055901018747,1.38002784086196
"ABM",2,0.859440989812529,0.414303251425788,0.783060003918236,-1.14055901018747,1.14055901018747,1.38002784086196
"ABM",2,0.859440989812529,0.414303251425788,0.783060003918236,-1.14055901018747,1.14055901018747,1.38002784086196
"ABM",2,0.859440989812529,0.414303251425788,0.783060003918236,-1.14055901018747,1.14055901018747,1.38002784086196
"ABM",2,0.859440989812529,0.414303251425788,0.783060003918236,-1.14055901018747,1.14055901018747,1.38002784086196
"ABM",2,0.859440989812529,0.414303251425788,0.783060003918236,-1.14055901018747,1.14055901018747,1.38002784086196
"ABM",3,0.421935485908886,0.108297153243582,0.656495529082405,-2.57806451409111,2.57806451409111,2.65907293174485
"ABM",3,0.421935485908886,0.108297153243582,0.656495529082405,-2.57806451409111,2.57806451409111,2.65907293174485
"ABM",3,0.421935485908886,0.108297153243582,0.656495529082405,-2.57806451409111,2.57806451409111,2.65907293174485
"ABM",3,0.421935485908886,0.108297153243582,0.656495529082405,-2.57806451409111,2.57806451409111,2.65907293174485
"ABM",3,0.421935485908886,0.108297153243582,0.656495529082405,-2.57806451409111,2.57806451409111,2.65907293174485
"ABM",3,0.421935485908886,0.108297153243582,0.656495529082405,-2.57806451409111,2.57806451409111,2.65907293174485
"ABM",3,0.421935485908886,0.108297153243582,0.656495529082405,-2.57806451409111,2.57806451409111,2.65907293174485
"ABM",3,0.421935485908886,0.108297153243582,0.656495529082405,-2.57806451409111,2.57806451409111,2.65907293174485
"ABM",3,0.421935485908886,0.108297153243582,0.656495529082405,-2.57806451409111,2.57806451409111,2.65907293174485
"ABM",3,0.421935485908886,0.108297153243582,0.656495529082405,-2.57806451409111,2.57806451409111,2.65907293174485
"ABM",3,0.421935485908886,0.108297153243582,0.656495529082405,-2.57806451409111,2.57806451409111,2.65907293174485
"ABM",3,0.421935485908886,0.108297153243582,0.656495529082405,-2.57806451409111,2.57806451409111,2.65907293174485
"ABM",3,0.421935485908886,0.108297153243582,0.656495529082405,-2.57806451409111,2.57806451409111,2.65907293174485
"ABM",3,0.421935485908886,0.108297153243582,0.656495529082405,-2.57806451409111,2.57806451409111,2.65907293174485
"ABM",3,0.421935485908886,0.108297153243582,0.656495529082405,-2.57806451409111,2.57806451409111,2.65907293174485
"ABM",3,0.421935485908886,0.108297153243582,0.656495529082405,-2.57806451409111,2.57806451409111,2.65907293174485
"ABM",3,0.421935485908886,0.108297153243582,0.656495529082405,-2.57806451409111,2.57806451409111,2.65907293174485
"ABM",3,0.421935485908886,0.108297153243582,0.656495529082405,-2.57806451409111,2.57806451409111,2.65907293174485
"ABM",3,0.421935485908886,0.108297153243582,0.656495529082405,-2.57806451409111,2.57806451409111,2.65907293174485
"ABM",3,0.421935485908886,0.108297153243582,0.656495529082405,-2.57806451409111,2.57806451409111,2.65907293174485
"ABM",3,0.421935485908886,0.108297153243582,0.656495529082405,-2.57806451409111,2.57806451409111,2.65907293174485
"ABM",3,0.421935485908886,0.108297153243582,0.656495529082405,-2.57806451409111,2.57806451409111,2.65907293174485
"ABM",3,0.421935485908886,0.108297153243582,0.656495529082405,-2.57806451409111,2.57806451409111,2.65907293174485
"ABM",3,0.421935485908886,0.108297153243582,0.656495529082405,-2.57806451409111,2.57806451409111,2.65907293174485
"ABM",3,0.421935485908886,0.108297153243582,0.656495529082405,-2.57806451409111,2.57806451409111,2.65907293174485
"ABM",3,0.421935485908886,0.108297153243582,0.656495529082405,-2.57806451409111,2.57806451409111,2.65907293174485
"ABM",3,0.421935485908886,0.108297153243582,0.656495529082405,-2.57806451409111,2.57806451409111,2.65907293174485
"ABM",3,0.421935485908886,0.108297153243582,0.656495529082405,-2.57806451409111,2.57806451409111,2.65907293174485
"ABM",3,0.421935485908886,0.108297153243582,0.656495529082405,-2.57806451409111,2.57806451409111,2.65907293174485
"ABM",3,0.421935485908886,0.108297153243582,0.656495529082405,-2.57806451409111,2.57806451409111,2.65907293174485
"ABM",3,0.421935485908886,0.108297153243582,0.656495529082405,-2.57806451409111,2.57806451409111,2.65907293174485
"ABM",3,0.421935485908886,0.108297153243582,0.656495529082405,-2.57806451409111,2.57806451409111,2.65907293174485
"ABM",3,0.421935485908886,0.108297153243582,0.656495529082405,-2.57806451409111,2.57806451409111,2.65907293174485
"ABM",3,0.421935485908886,0.108297153243582,0.656495529082405,-2.57806451409111,2.57806451409111,2.65907293174485
"ABM",3,0.421935485908886,0.108297153243582,0.656495529082405,-2.57806451409111,2.57806451409111,2.65907293174485
"ABM",3,0.421935485908886,0.108297153243582,0.656495529082405,-2.57806451409111,2.57806451409111,2.65907293174485
"ABM",3,0.421935485908886,0.108297153243582,0.656495529082405,-2.57806451409111,2.57806451409111,2.65907293174485
"ABM",3,0.421935485908886,0.108297153243582,0.656495529082405,-2.57806451409111,2.57806451409111,2.65907293174485
"ABM",3,0.421935485908886,0.108297153243582,0.656495529082405,-2.57806451409111,2.57806451409111,2.65907293174485
"ABM",3,0.421935485908886,0.108297153243582,0.656495529082405,-2.57806451409111,2.57806451409111,2.65907293174485
"ABM",3,0.421935485908886,0.108297153243582,0.656495529082405,-2.57806451409111,2.57806451409111,2.65907293174485
"ABM",3,0.421935485908886,0.108297153243582,0.656495529082405,-2.57806451409111,2.57806451409111,2.65907293174485
"ABM",3,0.421935485908886,0.108297153243582,0.656495529082405,-2.57806451409111,2.57806451409111,2.65907293174485
"ABM",3,0.421935485908886,0.108297153243582,0.656495529082405,-2.57806451409111,2.57806451409111,2.65907293174485
"ABM",3,0.421935485908886,0.108297153243582,0.656495529082405,-2.57806451409111,2.57806451409111,2.65907293174485
"ABM",3,0.421935485908886,0.108297153243582,0.656495529082405,-2.57806451409111,2.57806451409111,2.65907293174485
"ABM",3,0.421935485908886,0.108297153243582,0.656495529082405,-2.57806451409111,2.57806451409111,2.65907293174485
"ABM",3,0.421935485908886,0.108297153243582,0.656495529082405,-2.57806451409111,2.57806451409111,2.65907293174485
"ABM",3,0.421935485908886,0.108297153243582,0.656495529082405,-2.57806451409111,2.57806451409111,2.65907293174485
"ABM",3,0.421935485908886,0.108297153243582,0.656495529082405,-2.57806451409111,2.57806451409111,2.65907293174485
"ABM",3,0.421935485908886,0.108297153243582,0.656495529082405,-2.57806451409111,2.57806451409111,2.65907293174485
"ABM",3,0.421935485908886,0.108297153243582,0.656495529082405,-2.57806451409111,2.57806451409111,2.65907293174485
"ABM",3,0.421935485908886,0.108297153243582,0.656495529082405,-2.57806451409111,2.57806451409111,2.65907293174485
"ABM",3,0.421935485908886,0.108297153243582,0.656495529082405,-2.57806451409111,2.57806451409111,2.65907293174485
"ABM",3,0.421935485908886,0.108297153243582,0.656495529082405,-2.57806451409111,2.57806451409111,2.65907293174485
"ABM",3,0.421935485908886,0.108297153243582,0.656495529082405,-2.57806451409111,2.57806451409111,2.65907293174485
"ABM",3,0.421935485908886,0.108297153243582,0.656495529082405,-2.57806451409111,2.57806451409111,2.65907293174485
"ABM",3,0.421935485908886,0.108297153243582,0.656495529082405,-2.57806451409111,2.57806451409111,2.65907293174485
"ABM",3,0.421935485908886,0.108297153243582,0.656495529082405,-2.57806451409111,2.57806451409111,2.65907293174485
"ABM",3,0.421935485908886,0.108297153243582,0.656495529082405,-2.57806451409111,2.57806451409111,2.65907293174485
"ABM",3,0.421935485908886,0.108297153243582,0.656495529082405,-2.57806451409111,2.57806451409111,2.65907293174485
"ABM",3,0.421935485908886,0.108297153243582,0.656495529082405,-2.57806451409111,2.57806451409111,2.65907293174485
"ABM",3,0.421935485908886,0.108297153243582,0.656495529082405,-2.57806451409111,2.57806451409111,2.65907293174485
"ABM",3,0.421935485908886,0.108297153243582,0.656495529082405,-2.57806451409111,2.57806451409111,2.65907293174485
"ABM",5,0.0911230337431571,0.0267188197748452,0.232590767247778,-4.90887696625684,4.90887696625684,4.91429814381872
"ABM",5,0.0911230337431571,0.0267188197748452,0.232590767247778,-4.90887696625684,4.90887696625684,4.91429814381872
"ABM",5,0.0911230337431571,0.0267188197748452,0.232590767247778,-4.90887696625684,4.90887696625684,4.91429814381872
"ABM",5,0.0911230337431571,0.0267188197748452,0.232590767247778,-4.90887696625684,4.90887696625684,4.91429814381872
"ABM",5,0.0911230337431571,0.0267188197748452,0.232590767247778,-4.90887696625684,4.90887696625684,4.91429814381872
"ABM",5,0.0911230337431571,0.0267188197748452,0.232590767247778,-4.90887696625684,4.90887696625684,4.91429814381872
"ABM",5,0.0911230337431571,0.0267188197748452,0.232590767247778,-4.90887696625684,4.90887696625684,4.91429814381872
"ABM",5,0.0911230337431571,0.0267188197748452,0.232590767247778,-4.90887696625684,4.90887696625684,4.91429814381872
"ABM",5,0.0911230337431571,0.0267188197748452,0.232590767247778,-4.90887696625684,4.90887696625684,4.91429814381872
"ABM",5,0.0911230337431571,0.0267188197748452,0.232590767247778,-4.90887696625684,4.90887696625684,4.91429814381872
"ABM",5,0.0911230337431571,0.0267188197748452,0.232590767247778,-4.90887696625684,4.90887696625684,4.91429814381872
"ABM",5,0.0911230337431571,0.0267188197748452,0.232590767247778,-4.90887696625684,4.90887696625684,4.91429814381872
"ABM",5,0.0911230337431571,0.0267188197748452,0.232590767247778,-4.90887696625684,4.90887696625684,4.91429814381872
"ABM",5,0.0911230337431571,0.0267188197748452,0.232590767247778,-4.90887696625684,4.90887696625684,4.91429814381872
"ABM",5,0.0911230337431571,0.0267188197748452,0.232590767247778,-4.90887696625684,4.90887696625684,4.91429814381872
"ABM",5,0.0911230337431571,0.0267188197748452,0.232590767247778,-4.90887696625684,4.90887696625684,4.91429814381872
"ABM",5,0.0911230337431571,0.0267188197748452,0.232590767247778,-4.90887696625684,4.90887696625684,4.91429814381872
"ABM",5,0.0911230337431571,0.0267188197748452,0.232590767247778,-4.90887696625684,4.90887696625684,4.91429814381872
"ABM",5,0.0911230337431571,0.0267188197748452,0.232590767247778,-4.90887696625684,4.90887696625684,4.91429814381872
"ABM",5,0.0911230337431571,0.0267188197748452,0.232590767247778,-4.90887696625684,4.90887696625684,4.91429814381872
"ABM",5,0.0911230337431571,0.0267188197748452,0.232590767247778,-4.90887696625684,4.90887696625684,4.91429814381872
"ABM",5,0.0911230337431571,0.0267188197748452,0.232590767247778,-4.90887696625684,4.90887696625684,4.91429814381872
"ABM",5,0.0911230337431571,0.0267188197748452,0.232590767247778,-4.90887696625684,4.90887696625684,4.91429814381872
"ABM",5,0.0911230337431571,0.0267188197748452,0.232590767247778,-4.90887696625684,4.90887696625684,4.91429814381872
"ABM",5,0.0911230337431571,0.0267188197748452,0.232590767247778,-4.90887696625684,4.90887696625684,4.91429814381872
"ABM",5,0.0911230337431571,0.0267188197748452,0.232590767247778,-4.90887696625684,4.90887696625684,4.91429814381872
"ABM",5,0.0911230337431571,0.0267188197748452,0.232590767247778,-4.90887696625684,4.90887696625684,4.91429814381872
"ABM",5,0.0911230337431571,0.0267188197748452,0.232590767247778,-4.90887696625684,4.90887696625684,4.91429814381872
"ABM",5,0.0911230337431571,0.0267188197748452,0.232590767247778,-4.90887696625684,4.90887696625684,4.91429814381872
"ABM",5,0.0911230337431571,0.0267188197748452,0.232590767247778,-4.90887696625684,4.90887696625684,4.91429814381872
"ABM",5,0.0911230337431571,0.0267188197748452,0.232590767247778,-4.90887696625684,4.90887696625684,4.91429814381872
"ABM",5,0.0911230337431571,0.0267188197748452,0.232590767247778,-4.90887696625684,4.90887696625684,4.91429814381872
"ABM",5,0.0911230337431571,0.0267188197748452,0.232590767247778,-4.90887696625684,4.90887696625684,4.91429814381872
"ABM",5,0.0911230337431571,0.0267188197748452,0.232590767247778,-4.90887696625684,4.90887696625684,4.91429814381872
"ABM",5,0.0911230337431571,0.0267188197748452,0.232590767247778,-4.90887696625684,4.90887696625684,4.91429814381872
"ABM",5,0.0911230337431571,0.0267188197748452,0.232590767247778,-4.90887696625684,4.90887696625684,4.91429814381872
"ABM",5,0.0911230337431571,0.0267188197748452,0.232590767247778,-4.90887696625684,4.90887696625684,4.91429814381872
"ABM",5,0.0911230337431571,0.0267188197748452,0.232590767247778,-4.90887696625684,4.90887696625684,4.91429814381872
"ABM",5,0.0911230337431571,0.0267188197748452,0.232590767247778,-4.90887696625684,4.90887696625684,4.91429814381872
"ABM",5,0.0911230337431571,0.0267188197748452,0.232590767247778,-4.90887696625684,4.90887696625684,4.91429814381872
"ABM",5,0.0911230337431571,0.0267188197748452,0.232590767247778,-4.90887696625684,4.90887696625684,4.91429814381872
"ABM",5,0.0911230337431571,0.0267188197748452,0.232590767247778,-4.90887696625684,4.90887696625684,4.91429814381872
"ABM",5,0.0911230337431571,0.0267188197748452,0.232590767247778,-4.90887696625684,4.90887696625684,4.91429814381872
"ABM",5,0.0911230337431571,0.0267188197748452,0.232590767247778,-4.90887696625684,4.90887696625684,4.91429814381872
"ABM",5,0.0911230337431571,0.0267188197748452,0.232590767247778,-4.90887696625684,4.90887696625684,4.91429814381872
"ABM",5,0.0911230337431571,0.0267188197748452,0.232590767247778,-4.90887696625684,4.90887696625684,4.91429814381872
"ABM",5,0.0911230337431571,0.0267188197748452,0.232590767247778,-4.90887696625684,4.90887696625684,4.91429814381872
"ABM",5,0.0911230337431571,0.0267188197748452,0.232590767247778,-4.90887696625684,4.90887696625684,4.91429814381872
"ABM",5,0.0911230337431571,0.0267188197748452,0.232590767247778,-4.90887696625684,4.90887696625684,4.91429814381872
"ABM",5,0.0911230337431571,0.0267188197748452,0.232590767247778,-4.90887696625684,4.90887696625684,4.91429814381872
"ABM",5,0.0911230337431571,0.0267188197748452,0.232590767247778,-4.90887696625684,4.90887696625684,4.91429814381872
"ABM",5,0.0911230337431571,0.0267188197748452,0.232590767247778,-4.90887696625684,4.90887696625684,4.91429814381872
"ABM",5,0.0911230337431571,0.0267188197748452,0.232590767247778,-4.90887696625684,4.90887696625684,4.91429814381872
"ABM",5,0.0911230337431571,0.0267188197748452,0.232590767247778,-4.90887696625684,4.90887696625684,4.91429814381872
"ABM",5,0.0911230337431571,0.0267188197748452,0.232590767247778,-4.90887696625684,4.90887696625684,4.91429814381872
"ABM",5,0.0911230337431571,0.0267188197748452,0.232590767247778,-4.90887696625684,4.90887696625684,4.91429814381872
"ABM",5,0.0911230337431571,0.0267188197748452,0.232590767247778,-4.90887696625684,4.90887696625684,4.91429814381872
"ABM",5,0.0911230337431571,0.0267188197748452,0.232590767247778,-4.90887696625684,4.90887696625684,4.91429814381872
"ABM",5,0.0911230337431571,0.0267188197748452,0.232590767247778,-4.90887696625684,4.90887696625684,4.91429814381872
"ABM",5,0.0911230337431571,0.0267188197748452,0.232590767247778,-4.90887696625684,4.90887696625684,4.91429814381872
"ABM",5,0.0911230337431571,0.0267188197748452,0.232590767247778,-4.90887696625684,4.90887696625684,4.91429814381872
"ABM",5,0.0911230337431571,0.0267188197748452,0.232590767247778,-4.90887696625684,4.90887696625684,4.91429814381872
"ABM",5,0.0911230337431571,0.0267188197748452,0.232590767247778,-4.90887696625684,4.90887696625684,4.91429814381872
"ABM",5,0.0911230337431571,0.0267188197748452,0.232590767247778,-4.90887696625684,4.90887696625684,4.91429814381872
"Cori",1.5,1.27763781300819,1.3147349154886,0.54549836955277,-0.222362186991815,0.222362186991815,0.585118711054647
"Cori",1.5,1.27763781300819,1.3147349154886,0.54549836955277,-0.222362186991815,0.222362186991815,0.585118711054647
"Cori",1.5,1.27763781300819,1.3147349154886,0.54549836955277,-0.222362186991815,0.222362186991815,0.585118711054647
"Cori",1.5,1.27763781300819,1.3147349154886,0.54549836955277,-0.222362186991815,0.222362186991815,0.585118711054647
"Cori",1.5,1.27763781300819,1.3147349154886,0.54549836955277,-0.222362186991815,0.222362186991815,0.585118711054647
"Cori",1.5,1.27763781300819,1.3147349154886,0.54549836955277,-0.222362186991815,0.222362186991815,0.585118711054647
"Cori",1.5,1.27763781300819,1.3147349154886,0.54549836955277,-0.222362186991815,0.222362186991815,0.585118711054647
"Cori",1.5,1.27763781300819,1.3147349154886,0.54549836955277,-0.222362186991815,0.222362186991815,0.585118711054647
"Cori",1.5,1.27763781300819,1.3147349154886,0.54549836955277,-0.222362186991815,0.222362186991815,0.585118711054647
"Cori",1.5,1.27763781300819,1.3147349154886,0.54549836955277,-0.222362186991815,0.222362186991815,0.585118711054647
"Cori",1.5,1.27763781300819,1.3147349154886,0.54549836955277,-0.222362186991815,0.222362186991815,0.585118711054647
"Cori",1.5,1.27763781300819,1.3147349154886,0.54549836955277,-0.222362186991815,0.222362186991815,0.585118711054647
"Cori",1.5,1.27763781300819,1.3147349154886,0.54549836955277,-0.222362186991815,0.222362186991815,0.585118711054647
"Cori",1.5,1.27763781300819,1.3147349154886,0.54549836955277,-0.222362186991815,0.222362186991815,0.585118711054647
"Cori",1.5,1.27763781300819,1.3147349154886,0.54549836955277,-0.222362186991815,0.222362186991815,0.585118711054647
"Cori",1.5,1.27763781300819,1.3147349154886,0.54549836955277,-0.222362186991815,0.222362186991815,0.585118711054647
"Cori",1.5,1.27763781300819,1.3147349154886,0.54549836955277,-0.222362186991815,0.222362186991815,0.585118711054647
"Cori",1.5,1.27763781300819,1.3147349154886,0.54549836955277,-0.222362186991815,0.222362186991815,0.585118711054647
"Cori",1.5,1.27763781300819,1.3147349154886,0.54549836955277,-0.222362186991815,0.222362186991815,0.585118711054647
"Cori",1.5,1.27763781300819,1.3147349154886,0.54549836955277,-0.222362186991815,0.222362186991815,0.585118711054647
"Cori",1.5,1.27763781300819,1.3147349154886,0.54549836955277,-0.222362186991815,0.222362186991815,0.585118711054647
"Cori",1.5,1.27763781300819,1.3147349154886,0.54549836955277,-0.222362186991815,0.222362186991815,0.585118711054647
"Cori",1.5,1.27763781300819,1.3147349154886,0.54549836955277,-0.222362186991815,0.222362186991815,0.585118711054647
"Cori",1.5,1.27763781300819,1.3147349154886,0.54549836955277,-0.222362186991815,0.222362186991815,0.585118711054647
"Cori",1.5,1.27763781300819,1.3147349154886,0.54549836955277,-0.222362186991815,0.222362186991815,0.585118711054647
"Cori",1.5,1.27763781300819,1.3147349154886,0.54549836955277,-0.222362186991815,0.222362186991815,0.585118711054647
"Cori",1.5,1.27763781300819,1.3147349154886,0.54549836955277,-0.222362186991815,0.222362186991815,0.585118711054647
"Cori",1.5,1.27763781300819,1.3147349154886,0.54549836955277,-0.222362186991815,0.222362186991815,0.585118711054647
"Cori",1.5,1.27763781300819,1.3147349154886,0.54549836955277,-0.222362186991815,0.222362186991815,0.585118711054647
"Cori",1.5,1.27763781300819,1.3147349154886,0.54549836955277,-0.222362186991815,0.222362186991815,0.585118711054647
"Cori",1.5,1.27763781300819,1.3147349154886,0.54549836955277,-0.222362186991815,0.222362186991815,0.585118711054647
"Cori",1.5,1.27763781300819,1.3147349154886,0.54549836955277,-0.222362186991815,0.222362186991815,0.585118711054647
"Cori",1.5,1.27763781300819,1.3147349154886,0.54549836955277,-0.222362186991815,0.222362186991815,0.585118711054647
"Cori",1.5,1.27763781300819,1.3147349154886,0.54549836955277,-0.222362186991815,0.222362186991815,0.585118711054647
"Cori",1.5,1.27763781300819,1.3147349154886,0.54549836955277,-0.222362186991815,0.222362186991815,0.585118711054647
"Cori",1.5,1.27763781300819,1.3147349154886,0.54549836955277,-0.222362186991815,0.222362186991815,0.585118711054647
"Cori",1.5,1.27763781300819,1.3147349154886,0.54549836955277,-0.222362186991815,0.222362186991815,0.585118711054647
"Cori",1.5,1.27763781300819,1.3147349154886,0.54549836955277,-0.222362186991815,0.222362186991815,0.585118711054647
"Cori",1.5,1.27763781300819,1.3147349154886,0.54549836955277,-0.222362186991815,0.222362186991815,0.585118711054647
"Cori",1.5,1.27763781300819,1.3147349154886,0.54549836955277,-0.222362186991815,0.222362186991815,0.585118711054647
"Cori",1.5,1.27763781300819,1.3147349154886,0.54549836955277,-0.222362186991815,0.222362186991815,0.585118711054647
"Cori",1.5,1.27763781300819,1.3147349154886,0.54549836955277,-0.222362186991815,0.222362186991815,0.585118711054647
"Cori",1.5,1.27763781300819,1.3147349154886,0.54549836955277,-0.222362186991815,0.222362186991815,0.585118711054647
"Cori",1.5,1.27763781300819,1.3147349154886,0.54549836955277,-0.222362186991815,0.222362186991815,0.585118711054647
"Cori",1.5,1.27763781300819,1.3147349154886,0.54549836955277,-0.222362186991815,0.222362186991815,0.585118711054647
"Cori",1.5,1.27763781300819,1.3147349154886,0.54549836955277,-0.222362186991815,0.222362186991815,0.585118711054647
"Cori",1.5,1.27763781300819,1.3147349154886,0.54549836955277,-0.222362186991815,0.222362186991815,0.585118711054647
"Cori",1.5,1.27763781300819,1.3147349154886,0.54549836955277,-0.222362186991815,0.222362186991815,0.585118711054647
"Cori",1.5,1.27763781300819,1.3147349154886,0.54549836955277,-0.222362186991815,0.222362186991815,0.585118711054647
"Cori",1.5,1.27763781300819,1.3147349154886,0.54549836955277,-0.222362186991815,0.222362186991815,0.585118711054647
"Cori",1.5,1.27763781300819,1.3147349154886,0.54549836955277,-0.222362186991815,0.222362186991815,0.585118711054647
"Cori",1.5,1.27763781300819,1.3147349154886,0.54549836955277,-0.222362186991815,0.222362186991815,0.585118711054647
"Cori",1.5,1.27763781300819,1.3147349154886,0.54549836955277,-0.222362186991815,0.222362186991815,0.585118711054647
"Cori",1.5,1.27763781300819,1.3147349154886,0.54549836955277,-0.222362186991815,0.222362186991815,0.585118711054647
"Cori",1.5,1.27763781300819,1.3147349154886,0.54549836955277,-0.222362186991815,0.222362186991815,0.585118711054647
"Cori",1.5,1.27763781300819,1.3147349154886,0.54549836955277,-0.222362186991815,0.222362186991815,0.585118711054647
"Cori",1.5,1.27763781300819,1.3147349154886,0.54549836955277,-0.222362186991815,0.222362186991815,0.585118711054647
"Cori",1.5,1.27763781300819,1.3147349154886,0.54549836955277,-0.222362186991815,0.222362186991815,0.585118711054647
"Cori",1.5,1.27763781300819,1.3147349154886,0.54549836955277,-0.222362186991815,0.222362186991815,0.585118711054647
"Cori",1.5,1.27763781300819,1.3147349154886,0.54549836955277,-0.222362186991815,0.222362186991815,0.585118711054647
"Cori",1.5,1.27763781300819,1.3147349154886,0.54549836955277,-0.222362186991815,0.222362186991815,0.585118711054647
"Cori",1.5,1.27763781300819,1.3147349154886,0.54549836955277,-0.222362186991815,0.222362186991815,0.585118711054647
"Cori",1.5,1.27763781300819,1.3147349154886,0.54549836955277,-0.222362186991815,0.222362186991815,0.585118711054647
"Cori",1.5,1.27763781300819,1.3147349154886,0.54549836955277,-0.222362186991815,0.222362186991815,0.585118711054647
"Cori",2,0.978494395220077,0.588282634111484,0.713821218402933,-1.02150560477992,1.02150560477992,1.24300155209236
"Cori",2,0.978494395220077,0.588282634111484,0.713821218402933,-1.02150560477992,1.02150560477992,1.24300155209236
"Cori",2,0.978494395220077,0.588282634111484,0.713821218402933,-1.02150560477992,1.02150560477992,1.24300155209236
"Cori",2,0.978494395220077,0.588282634111484,0.713821218402933,-1.02150560477992,1.02150560477992,1.24300155209236
"Cori",2,0.978494395220077,0.588282634111484,0.713821218402933,-1.02150560477992,1.02150560477992,1.24300155209236
"Cori",2,0.978494395220077,0.588282634111484,0.713821218402933,-1.02150560477992,1.02150560477992,1.24300155209236
"Cori",2,0.978494395220077,0.588282634111484,0.713821218402933,-1.02150560477992,1.02150560477992,1.24300155209236
"Cori",2,0.978494395220077,0.588282634111484,0.713821218402933,-1.02150560477992,1.02150560477992,1.24300155209236
"Cori",2,0.978494395220077,0.588282634111484,0.713821218402933,-1.02150560477992,1.02150560477992,1.24300155209236
"Cori",2,0.978494395220077,0.588282634111484,0.713821218402933,-1.02150560477992,1.02150560477992,1.24300155209236
"Cori",2,0.978494395220077,0.588282634111484,0.713821218402933,-1.02150560477992,1.02150560477992,1.24300155209236
"Cori",2,0.978494395220077,0.588282634111484,0.713821218402933,-1.02150560477992,1.02150560477992,1.24300155209236
"Cori",2,0.978494395220077,0.588282634111484,0.713821218402933,-1.02150560477992,1.02150560477992,1.24300155209236
"Cori",2,0.978494395220077,0.588282634111484,0.713821218402933,-1.02150560477992,1.02150560477992,1.24300155209236
"Cori",2,0.978494395220077,0.588282634111484,0.713821218402933,-1.02150560477992,1.02150560477992,1.24300155209236
"Cori",2,0.978494395220077,0.588282634111484,0.713821218402933,-1.02150560477992,1.02150560477992,1.24300155209236
"Cori",2,0.978494395220077,0.588282634111484,0.713821218402933,-1.02150560477992,1.02150560477992,1.24300155209236
"Cori",2,0.978494395220077,0.588282634111484,0.713821218402933,-1.02150560477992,1.02150560477992,1.24300155209236
"Cori",2,0.978494395220077,0.588282634111484,0.713821218402933,-1.02150560477992,1.02150560477992,1.24300155209236
"Cori",2,0.978494395220077,0.588282634111484,0.713821218402933,-1.02150560477992,1.02150560477992,1.24300155209236
"Cori",2,0.978494395220077,0.588282634111484,0.713821218402933,-1.02150560477992,1.02150560477992,1.24300155209236
"Cori",2,0.978494395220077,0.588282634111484,0.713821218402933,-1.02150560477992,1.02150560477992,1.24300155209236
"Cori",2,0.978494395220077,0.588282634111484,0.713821218402933,-1.02150560477992,1.02150560477992,1.24300155209236
"Cori",2,0.978494395220077,0.588282634111484,0.713821218402933,-1.02150560477992,1.02150560477992,1.24300155209236
"Cori",2,0.978494395220077,0.588282634111484,0.713821218402933,-1.02150560477992,1.02150560477992,1.24300155209236
"Cori",2,0.978494395220077,0.588282634111484,0.713821218402933,-1.02150560477992,1.02150560477992,1.24300155209236
"Cori",2,0.978494395220077,0.588282634111484,0.713821218402933,-1.02150560477992,1.02150560477992,1.24300155209236
"Cori",2,0.978494395220077,0.588282634111484,0.713821218402933,-1.02150560477992,1.02150560477992,1.24300155209236
"Cori",2,0.978494395220077,0.588282634111484,0.713821218402933,-1.02150560477992,1.02150560477992,1.24300155209236
"Cori",2,0.978494395220077,0.588282634111484,0.713821218402933,-1.02150560477992,1.02150560477992,1.24300155209236
"Cori",2,0.978494395220077,0.588282634111484,0.713821218402933,-1.02150560477992,1.02150560477992,1.24300155209236
"Cori",2,0.978494395220077,0.588282634111484,0.713821218402933,-1.02150560477992,1.02150560477992,1.24300155209236
"Cori",2,0.978494395220077,0.588282634111484,0.713821218402933,-1.02150560477992,1.02150560477992,1.24300155209236
"Cori",2,0.978494395220077,0.588282634111484,0.713821218402933,-1.02150560477992,1.02150560477992,1.24300155209236
"Cori",2,0.978494395220077,0.588282634111484,0.713821218402933,-1.02150560477992,1.02150560477992,1.24300155209236
"Cori",2,0.978494395220077,0.588282634111484,0.713821218402933,-1.02150560477992,1.02150560477992,1.24300155209236
"Cori",2,0.978494395220077,0.588282634111484,0.713821218402933,-1.02150560477992,1.02150560477992,1.24300155209236
"Cori",2,0.978494395220077,0.588282634111484,0.713821218402933,-1.02150560477992,1.02150560477992,1.24300155209236
"Cori",2,0.978494395220077,0.588282634111484,0.713821218402933,-1.02150560477992,1.02150560477992,1.24300155209236
"Cori",2,0.978494395220077,0.588282634111484,0.713821218402933,-1.02150560477992,1.02150560477992,1.24300155209236
"Cori",2,0.978494395220077,0.588282634111484,0.713821218402933,-1.02150560477992,1.02150560477992,1.24300155209236
"Cori",2,0.978494395220077,0.588282634111484,0.713821218402933,-1.02150560477992,1.02150560477992,1.24300155209236
"Cori",2,0.978494395220077,0.588282634111484,0.713821218402933,-1.02150560477992,1.02150560477992,1.24300155209236
"Cori",2,0.978494395220077,0.588282634111484,0.713821218402933,-1.02150560477992,1.02150560477992,1.24300155209236
"Cori",2,0.978494395220077,0.588282634111484,0.713821218402933,-1.02150560477992,1.02150560477992,1.24300155209236
"Cori",2,0.978494395220077,0.588282634111484,0.713821218402933,-1.02150560477992,1.02150560477992,1.24300155209236
"Cori",2,0.978494395220077,0.588282634111484,0.713821218402933,-1.02150560477992,1.02150560477992,1.24300155209236
"Cori",2,0.978494395220077,0.588282634111484,0.713821218402933,-1.02150560477992,1.02150560477992,1.24300155209236
"Cori",2,0.978494395220077,0.588282634111484,0.713821218402933,-1.02150560477992,1.02150560477992,1.24300155209236
"Cori",2,0.978494395220077,0.588282634111484,0.713821218402933,-1.02150560477992,1.02150560477992,1.24300155209236
"Cori",2,0.978494395220077,0.588282634111484,0.713821218402933,-1.02150560477992,1.02150560477992,1.24300155209236
"Cori",2,0.978494395220077,0.588282634111484,0.713821218402933,-1.02150560477992,1.02150560477992,1.24300155209236
"Cori",2,0.978494395220077,0.588282634111484,0.713821218402933,-1.02150560477992,1.02150560477992,1.24300155209236
"Cori",2,0.978494395220077,0.588282634111484,0.713821218402933,-1.02150560477992,1.02150560477992,1.24300155209236
"Cori",2,0.978494395220077,0.588282634111484,0.713821218402933,-1.02150560477992,1.02150560477992,1.24300155209236
"Cori",2,0.978494395220077,0.588282634111484,0.713821218402933,-1.02150560477992,1.02150560477992,1.24300155209236
"Cori",2,0.978494395220077,0.588282634111484,0.713821218402933,-1.02150560477992,1.02150560477992,1.24300155209236
"Cori",2,0.978494395220077,0.588282634111484,0.713821218402933,-1.02150560477992,1.02150560477992,1.24300155209236
"Cori",2,0.978494395220077,0.588282634111484,0.713821218402933,-1.02150560477992,1.02150560477992,1.24300155209236
"Cori",2,0.978494395220077,0.588282634111484,0.713821218402933,-1.02150560477992,1.02150560477992,1.24300155209236
"Cori",2,0.978494395220077,0.588282634111484,0.713821218402933,-1.02150560477992,1.02150560477992,1.24300155209236
"Cori",2,0.978494395220077,0.588282634111484,0.713821218402933,-1.02150560477992,1.02150560477992,1.24300155209236
"Cori",2,0.978494395220077,0.588282634111484,0.713821218402933,-1.02150560477992,1.02150560477992,1.24300155209236
"Cori",2,0.978494395220077,0.588282634111484,0.713821218402933,-1.02150560477992,1.02150560477992,1.24300155209236
"Cori",3,0.623859627410437,0.345278056123113,0.593209008638776,-2.37614037258956,2.37614037258956,2.44794640641525
"Cori",3,0.623859627410437,0.345278056123113,0.593209008638776,-2.37614037258956,2.37614037258956,2.44794640641525
"Cori",3,0.623859627410437,0.345278056123113,0.593209008638776,-2.37614037258956,2.37614037258956,2.44794640641525
"Cori",3,0.623859627410437,0.345278056123113,0.593209008638776,-2.37614037258956,2.37614037258956,2.44794640641525
"Cori",3,0.623859627410437,0.345278056123113,0.593209008638776,-2.37614037258956,2.37614037258956,2.44794640641525
"Cori",3,0.623859627410437,0.345278056123113,0.593209008638776,-2.37614037258956,2.37614037258956,2.44794640641525
"Cori",3,0.623859627410437,0.345278056123113,0.593209008638776,-2.37614037258956,2.37614037258956,2.44794640641525
"Cori",3,0.623859627410437,0.345278056123113,0.593209008638776,-2.37614037258956,2.37614037258956,2.44794640641525
"Cori",3,0.623859627410437,0.345278056123113,0.593209008638776,-2.37614037258956,2.37614037258956,2.44794640641525
"Cori",3,0.623859627410437,0.345278056123113,0.593209008638776,-2.37614037258956,2.37614037258956,2.44794640641525
"Cori",3,0.623859627410437,0.345278056123113,0.593209008638776,-2.37614037258956,2.37614037258956,2.44794640641525
"Cori",3,0.623859627410437,0.345278056123113,0.593209008638776,-2.37614037258956,2.37614037258956,2.44794640641525
"Cori",3,0.623859627410437,0.345278056123113,0.593209008638776,-2.37614037258956,2.37614037258956,2.44794640641525
"Cori",3,0.623859627410437,0.345278056123113,0.593209008638776,-2.37614037258956,2.37614037258956,2.44794640641525
"Cori",3,0.623859627410437,0.345278056123113,0.593209008638776,-2.37614037258956,2.37614037258956,2.44794640641525
"Cori",3,0.623859627410437,0.345278056123113,0.593209008638776,-2.37614037258956,2.37614037258956,2.44794640641525
"Cori",3,0.623859627410437,0.345278056123113,0.593209008638776,-2.37614037258956,2.37614037258956,2.44794640641525
"Cori",3,0.623859627410437,0.345278056123113,0.593209008638776,-2.37614037258956,2.37614037258956,2.44794640641525
"Cori",3,0.623859627410437,0.345278056123113,0.593209008638776,-2.37614037258956,2.37614037258956,2.44794640641525
"Cori",3,0.623859627410437,0.345278056123113,0.593209008638776,-2.37614037258956,2.37614037258956,2.44794640641525
"Cori",3,0.623859627410437,0.345278056123113,0.593209008638776,-2.37614037258956,2.37614037258956,2.44794640641525
"Cori",3,0.623859627410437,0.345278056123113,0.593209008638776,-2.37614037258956,2.37614037258956,2.44794640641525
"Cori",3,0.623859627410437,0.345278056123113,0.593209008638776,-2.37614037258956,2.37614037258956,2.44794640641525
"Cori",3,0.623859627410437,0.345278056123113,0.593209008638776,-2.37614037258956,2.37614037258956,2.44794640641525
"Cori",3,0.623859627410437,0.345278056123113,0.593209008638776,-2.37614037258956,2.37614037258956,2.44794640641525
"Cori",3,0.623859627410437,0.345278056123113,0.593209008638776,-2.37614037258956,2.37614037258956,2.44794640641525
"Cori",3,0.623859627410437,0.345278056123113,0.593209008638776,-2.37614037258956,2.37614037258956,2.44794640641525
"Cori",3,0.623859627410437,0.345278056123113,0.593209008638776,-2.37614037258956,2.37614037258956,2.44794640641525
"Cori",3,0.623859627410437,0.345278056123113,0.593209008638776,-2.37614037258956,2.37614037258956,2.44794640641525
"Cori",3,0.623859627410437,0.345278056123113,0.593209008638776,-2.37614037258956,2.37614037258956,2.44794640641525
"Cori",3,0.623859627410437,0.345278056123113,0.593209008638776,-2.37614037258956,2.37614037258956,2.44794640641525
"Cori",3,0.623859627410437,0.345278056123113,0.593209008638776,-2.37614037258956,2.37614037258956,2.44794640641525
"Cori",3,0.623859627410437,0.345278056123113,0.593209008638776,-2.37614037258956,2.37614037258956,2.44794640641525
"Cori",3,0.623859627410437,0.345278056123113,0.593209008638776,-2.37614037258956,2.37614037258956,2.44794640641525
"Cori",3,0.623859627410437,0.345278056123113,0.593209008638776,-2.37614037258956,2.37614037258956,2.44794640641525
"Cori",3,0.623859627410437,0.345278056123113,0.593209008638776,-2.37614037258956,2.37614037258956,2.44794640641525
"Cori",3,0.623859627410437,0.345278056123113,0.593209008638776,-2.37614037258956,2.37614037258956,2.44794640641525
"Cori",3,0.623859627410437,0.345278056123113,0.593209008638776,-2.37614037258956,2.37614037258956,2.44794640641525
"Cori",3,0.623859627410437,0.345278056123113,0.593209008638776,-2.37614037258956,2.37614037258956,2.44794640641525
"Cori",3,0.623859627410437,0.345278056123113,0.593209008638776,-2.37614037258956,2.37614037258956,2.44794640641525
"Cori",3,0.623859627410437,0.345278056123113,0.593209008638776,-2.37614037258956,2.37614037258956,2.44794640641525
"Cori",3,0.623859627410437,0.345278056123113,0.593209008638776,-2.37614037258956,2.37614037258956,2.44794640641525
"Cori",3,0.623859627410437,0.345278056123113,0.593209008638776,-2.37614037258956,2.37614037258956,2.44794640641525
"Cori",3,0.623859627410437,0.345278056123113,0.593209008638776,-2.37614037258956,2.37614037258956,2.44794640641525
"Cori",3,0.623859627410437,0.345278056123113,0.593209008638776,-2.37614037258956,2.37614037258956,2.44794640641525
"Cori",3,0.623859627410437,0.345278056123113,0.593209008638776,-2.37614037258956,2.37614037258956,2.44794640641525
"Cori",3,0.623859627410437,0.345278056123113,0.593209008638776,-2.37614037258956,2.37614037258956,2.44794640641525
"Cori",3,0.623859627410437,0.345278056123113,0.593209008638776,-2.37614037258956,2.37614037258956,2.44794640641525
"Cori",3,0.623859627410437,0.345278056123113,0.593209008638776,-2.37614037258956,2.37614037258956,2.44794640641525
"Cori",3,0.623859627410437,0.345278056123113,0.593209008638776,-2.37614037258956,2.37614037258956,2.44794640641525
"Cori",3,0.623859627410437,0.345278056123113,0.593209008638776,-2.37614037258956,2.37614037258956,2.44794640641525
"Cori",3,0.623859627410437,0.345278056123113,0.593209008638776,-2.37614037258956,2.37614037258956,2.44794640641525
"Cori",3,0.623859627410437,0.345278056123113,0.593209008638776,-2.37614037258956,2.37614037258956,2.44794640641525
"Cori",3,0.623859627410437,0.345278056123113,0.593209008638776,-2.37614037258956,2.37614037258956,2.44794640641525
"Cori",3,0.623859627410437,0.345278056123113,0.593209008638776,-2.37614037258956,2.37614037258956,2.44794640641525
"Cori",3,0.623859627410437,0.345278056123113,0.593209008638776,-2.37614037258956,2.37614037258956,2.44794640641525
"Cori",3,0.623859627410437,0.345278056123113,0.593209008638776,-2.37614037258956,2.37614037258956,2.44794640641525
"Cori",3,0.623859627410437,0.345278056123113,0.593209008638776,-2.37614037258956,2.37614037258956,2.44794640641525
"Cori",3,0.623859627410437,0.345278056123113,0.593209008638776,-2.37614037258956,2.37614037258956,2.44794640641525
"Cori",3,0.623859627410437,0.345278056123113,0.593209008638776,-2.37614037258956,2.37614037258956,2.44794640641525
"Cori",3,0.623859627410437,0.345278056123113,0.593209008638776,-2.37614037258956,2.37614037258956,2.44794640641525
"Cori",3,0.623859627410437,0.345278056123113,0.593209008638776,-2.37614037258956,2.37614037258956,2.44794640641525
"Cori",3,0.623859627410437,0.345278056123113,0.593209008638776,-2.37614037258956,2.37614037258956,2.44794640641525
"Cori",3,0.623859627410437,0.345278056123113,0.593209008638776,-2.37614037258956,2.37614037258956,2.44794640641525
"Cori",5,0.734629069404959,0.449890678136389,0.669941422302181,-4.26537093059504,4.26537093059504,4.31685045476426
"Cori",5,0.734629069404959,0.449890678136389,0.669941422302181,-4.26537093059504,4.26537093059504,4.31685045476426
"Cori",5,0.734629069404959,0.449890678136389,0.669941422302181,-4.26537093059504,4.26537093059504,4.31685045476426
"Cori",5,0.734629069404959,0.449890678136389,0.669941422302181,-4.26537093059504,4.26537093059504,4.31685045476426
"Cori",5,0.734629069404959,0.449890678136389,0.669941422302181,-4.26537093059504,4.26537093059504,4.31685045476426
"Cori",5,0.734629069404959,0.449890678136389,0.669941422302181,-4.26537093059504,4.26537093059504,4.31685045476426
"Cori",5,0.734629069404959,0.449890678136389,0.669941422302181,-4.26537093059504,4.26537093059504,4.31685045476426
"Cori",5,0.734629069404959,0.449890678136389,0.669941422302181,-4.26537093059504,4.26537093059504,4.31685045476426
"Cori",5,0.734629069404959,0.449890678136389,0.669941422302181,-4.26537093059504,4.26537093059504,4.31685045476426
"Cori",5,0.734629069404959,0.449890678136389,0.669941422302181,-4.26537093059504,4.26537093059504,4.31685045476426
"Cori",5,0.734629069404959,0.449890678136389,0.669941422302181,-4.26537093059504,4.26537093059504,4.31685045476426
"Cori",5,0.734629069404959,0.449890678136389,0.669941422302181,-4.26537093059504,4.26537093059504,4.31685045476426
"Cori",5,0.734629069404959,0.449890678136389,0.669941422302181,-4.26537093059504,4.26537093059504,4.31685045476426
"Cori",5,0.734629069404959,0.449890678136389,0.669941422302181,-4.26537093059504,4.26537093059504,4.31685045476426
"Cori",5,0.734629069404959,0.449890678136389,0.669941422302181,-4.26537093059504,4.26537093059504,4.31685045476426
"Cori",5,0.734629069404959,0.449890678136389,0.669941422302181,-4.26537093059504,4.26537093059504,4.31685045476426
"Cori",5,0.734629069404959,0.449890678136389,0.669941422302181,-4.26537093059504,4.26537093059504,4.31685045476426
"Cori",5,0.734629069404959,0.449890678136389,0.669941422302181,-4.26537093059504,4.26537093059504,4.31685045476426
"Cori",5,0.734629069404959,0.449890678136389,0.669941422302181,-4.26537093059504,4.26537093059504,4.31685045476426
"Cori",5,0.734629069404959,0.449890678136389,0.669941422302181,-4.26537093059504,4.26537093059504,4.31685045476426
"Cori",5,0.734629069404959,0.449890678136389,0.669941422302181,-4.26537093059504,4.26537093059504,4.31685045476426
"Cori",5,0.734629069404959,0.449890678136389,0.669941422302181,-4.26537093059504,4.26537093059504,4.31685045476426
"Cori",5,0.734629069404959,0.449890678136389,0.669941422302181,-4.26537093059504,4.26537093059504,4.31685045476426
"Cori",5,0.734629069404959,0.449890678136389,0.669941422302181,-4.26537093059504,4.26537093059504,4.31685045476426
"Cori",5,0.734629069404959,0.449890678136389,0.669941422302181,-4.26537093059504,4.26537093059504,4.31685045476426
"Cori",5,0.734629069404959,0.449890678136389,0.669941422302181,-4.26537093059504,4.26537093059504,4.31685045476426
"Cori",5,0.734629069404959,0.449890678136389,0.669941422302181,-4.26537093059504,4.26537093059504,4.31685045476426
"Cori",5,0.734629069404959,0.449890678136389,0.669941422302181,-4.26537093059504,4.26537093059504,4.31685045476426
"Cori",5,0.734629069404959,0.449890678136389,0.669941422302181,-4.26537093059504,4.26537093059504,4.31685045476426
"Cori",5,0.734629069404959,0.449890678136389,0.669941422302181,-4.26537093059504,4.26537093059504,4.31685045476426
"Cori",5,0.734629069404959,0.449890678136389,0.669941422302181,-4.26537093059504,4.26537093059504,4.31685045476426
"Cori",5,0.734629069404959,0.449890678136389,0.669941422302181,-4.26537093059504,4.26537093059504,4.31685045476426
"Cori",5,0.734629069404959,0.449890678136389,0.669941422302181,-4.26537093059504,4.26537093059504,4.31685045476426
"Cori",5,0.734629069404959,0.449890678136389,0.669941422302181,-4.26537093059504,4.26537093059504,4.31685045476426
"Cori",5,0.734629069404959,0.449890678136389,0.669941422302181,-4.26537093059504,4.26537093059504,4.31685045476426
"Cori",5,0.734629069404959,0.449890678136389,0.669941422302181,-4.26537093059504,4.26537093059504,4.31685045476426
"Cori",5,0.734629069404959,0.449890678136389,0.669941422302181,-4.26537093059504,4.26537093059504,4.31685045476426
"Cori",5,0.734629069404959,0.449890678136389,0.669941422302181,-4.26537093059504,4.26537093059504,4.31685045476426
"Cori",5,0.734629069404959,0.449890678136389,0.669941422302181,-4.26537093059504,4.26537093059504,4.31685045476426
"Cori",5,0.734629069404959,0.449890678136389,0.669941422302181,-4.26537093059504,4.26537093059504,4.31685045476426
"Cori",5,0.734629069404959,0.449890678136389,0.669941422302181,-4.26537093059504,4.26537093059504,4.31685045476426
"Cori",5,0.734629069404959,0.449890678136389,0.669941422302181,-4.26537093059504,4.26537093059504,4.31685045476426
"Cori",5,0.734629069404959,0.449890678136389,0.669941422302181,-4.26537093059504,4.26537093059504,4.31685045476426
"Cori",5,0.734629069404959,0.449890678136389,0.669941422302181,-4.26537093059504,4.26537093059504,4.31685045476426
"Cori",5,0.734629069404959,0.449890678136389,0.669941422302181,-4.26537093059504,4.26537093059504,4.31685045476426
"Cori",5,0.734629069404959,0.449890678136389,0.669941422302181,-4.26537093059504,4.26537093059504,4.31685045476426
"Cori",5,0.734629069404959,0.449890678136389,0.669941422302181,-4.26537093059504,4.26537093059504,4.31685045476426
"Cori",5,0.734629069404959,0.449890678136389,0.669941422302181,-4.26537093059504,4.26537093059504,4.31685045476426
"Cori",5,0.734629069404959,0.449890678136389,0.669941422302181,-4.26537093059504,4.26537093059504,4.31685045476426
"Cori",5,0.734629069404959,0.449890678136389,0.669941422302181,-4.26537093059504,4.26537093059504,4.31685045476426
"Cori",5,0.734629069404959,0.449890678136389,0.669941422302181,-4.26537093059504,4.26537093059504,4.31685045476426
"Cori",5,0.734629069404959,0.449890678136389,0.669941422302181,-4.26537093059504,4.26537093059504,4.31685045476426
"Cori",5,0.734629069404959,0.449890678136389,0.669941422302181,-4.26537093059504,4.26537093059504,4.31685045476426
"Cori",5,0.734629069404959,0.449890678136389,0.669941422302181,-4.26537093059504,4.26537093059504,4.31685045476426
"Cori",5,0.734629069404959,0.449890678136389,0.669941422302181,-4.26537093059504,4.26537093059504,4.31685045476426
"Cori",5,0.734629069404959,0.449890678136389,0.669941422302181,-4.26537093059504,4.26537093059504,4.31685045476426
"Cori",5,0.734629069404959,0.449890678136389,0.669941422302181,-4.26537093059504,4.26537093059504,4.31685045476426
"Cori",5,0.734629069404959,0.449890678136389,0.669941422302181,-4.26537093059504,4.26537093059504,4.31685045476426
"Cori",5,0.734629069404959,0.449890678136389,0.669941422302181,-4.26537093059504,4.26537093059504,4.31685045476426
"Cori",5,0.734629069404959,0.449890678136389,0.669941422302181,-4.26537093059504,4.26537093059504,4.31685045476426
"Cori",5,0.734629069404959,0.449890678136389,0.669941422302181,-4.26537093059504,4.26537093059504,4.31685045476426
"Cori",5,0.734629069404959,0.449890678136389,0.669941422302181,-4.26537093059504,4.26537093059504,4.31685045476426
"Cori",5,0.734629069404959,0.449890678136389,0.669941422302181,-4.26537093059504,4.26537093059504,4.31685045476426
"Cori",5,0.734629069404959,0.449890678136389,0.669941422302181,-4.26537093059504,4.26537093059504,4.31685045476426
"Wallinga-Teunis",1.5,1.12259098706171,1.04092577112882,0.522349966080095,-0.377409012938292,0.377409012938292,0.641111360744418
"Wallinga-Teunis",1.5,1.12259098706171,1.04092577112882,0.522349966080095,-0.377409012938292,0.377409012938292,0.641111360744418
"Wallinga-Teunis",1.5,1.12259098706171,1.04092577112882,0.522349966080095,-0.377409012938292,0.377409012938292,0.641111360744418
"Wallinga-Teunis",1.5,1.12259098706171,1.04092577112882,0.522349966080095,-0.377409012938292,0.377409012938292,0.641111360744418
"Wallinga-Teunis",1.5,1.12259098706171,1.04092577112882,0.522349966080095,-0.377409012938292,0.377409012938292,0.641111360744418
"Wallinga-Teunis",1.5,1.12259098706171,1.04092577112882,0.522349966080095,-0.377409012938292,0.377409012938292,0.641111360744418
"Wallinga-Teunis",1.5,1.12259098706171,1.04092577112882,0.522349966080095,-0.377409012938292,0.377409012938292,0.641111360744418
"Wallinga-Teunis",1.5,1.12259098706171,1.04092577112882,0.522349966080095,-0.377409012938292,0.377409012938292,0.641111360744418
"Wallinga-Teunis",1.5,1.12259098706171,1.04092577112882,0.522349966080095,-0.377409012938292,0.377409012938292,0.641111360744418
"Wallinga-Teunis",1.5,1.12259098706171,1.04092577112882,0.522349966080095,-0.377409012938292,0.377409012938292,0.641111360744418
"Wallinga-Teunis",1.5,1.12259098706171,1.04092577112882,0.522349966080095,-0.377409012938292,0.377409012938292,0.641111360744418
"Wallinga-Teunis",1.5,1.12259098706171,1.04092577112882,0.522349966080095,-0.377409012938292,0.377409012938292,0.641111360744418
"Wallinga-Teunis",1.5,1.12259098706171,1.04092577112882,0.522349966080095,-0.377409012938292,0.377409012938292,0.641111360744418
"Wallinga-Teunis",1.5,1.12259098706171,1.04092577112882,0.522349966080095,-0.377409012938292,0.377409012938292,0.641111360744418
"Wallinga-Teunis",1.5,1.12259098706171,1.04092577112882,0.522349966080095,-0.377409012938292,0.377409012938292,0.641111360744418
"Wallinga-Teunis",1.5,1.12259098706171,1.04092577112882,0.522349966080095,-0.377409012938292,0.377409012938292,0.641111360744418
"Wallinga-Teunis",1.5,1.12259098706171,1.04092577112882,0.522349966080095,-0.377409012938292,0.377409012938292,0.641111360744418
"Wallinga-Teunis",1.5,1.12259098706171,1.04092577112882,0.522349966080095,-0.377409012938292,0.377409012938292,0.641111360744418
"Wallinga-Teunis",1.5,1.12259098706171,1.04092577112882,0.522349966080095,-0.377409012938292,0.377409012938292,0.641111360744418
"Wallinga-Teunis",1.5,1.12259098706171,1.04092577112882,0.522349966080095,-0.377409012938292,0.377409012938292,0.641111360744418
"Wallinga-Teunis",1.5,1.12259098706171,1.04092577112882,0.522349966080095,-0.377409012938292,0.377409012938292,0.641111360744418
"Wallinga-Teunis",1.5,1.12259098706171,1.04092577112882,0.522349966080095,-0.377409012938292,0.377409012938292,0.641111360744418
"Wallinga-Teunis",1.5,1.12259098706171,1.04092577112882,0.522349966080095,-0.377409012938292,0.377409012938292,0.641111360744418
"Wallinga-Teunis",1.5,1.12259098706171,1.04092577112882,0.522349966080095,-0.377409012938292,0.377409012938292,0.641111360744418
"Wallinga-Teunis",1.5,1.12259098706171,1.04092577112882,0.522349966080095,-0.377409012938292,0.377409012938292,0.641111360744418
"Wallinga-Teunis",1.5,1.12259098706171,1.04092577112882,0.522349966080095,-0.377409012938292,0.377409012938292,0.641111360744418
"Wallinga-Teunis",1.5,1.12259098706171,1.04092577112882,0.522349966080095,-0.377409012938292,0.377409012938292,0.641111360744418
"Wallinga-Teunis",1.5,1.12259098706171,1.04092577112882,0.522349966080095,-0.377409012938292,0.377409012938292,0.641111360744418
"Wallinga-Teunis",1.5,1.12259098706171,1.04092577112882,0.522349966080095,-0.377409012938292,0.377409012938292,0.641111360744418
"Wallinga-Teunis",1.5,1.12259098706171,1.04092577112882,0.522349966080095,-0.377409012938292,0.377409012938292,0.641111360744418
"Wallinga-Teunis",1.5,1.12259098706171,1.04092577112882,0.522349966080095,-0.377409012938292,0.377409012938292,0.641111360744418
"Wallinga-Teunis",1.5,1.12259098706171,1.04092577112882,0.522349966080095,-0.377409012938292,0.377409012938292,0.641111360744418
"Wallinga-Teunis",1.5,1.12259098706171,1.04092577112882,0.522349966080095,-0.377409012938292,0.377409012938292,0.641111360744418
"Wallinga-Teunis",1.5,1.12259098706171,1.04092577112882,0.522349966080095,-0.377409012938292,0.377409012938292,0.641111360744418
"Wallinga-Teunis",1.5,1.12259098706171,1.04092577112882,0.522349966080095,-0.377409012938292,0.377409012938292,0.641111360744418
"Wallinga-Teunis",1.5,1.12259098706171,1.04092577112882,0.522349966080095,-0.377409012938292,0.377409012938292,0.641111360744418
"Wallinga-Teunis",1.5,1.12259098706171,1.04092577112882,0.522349966080095,-0.377409012938292,0.377409012938292,0.641111360744418
"Wallinga-Teunis",1.5,1.12259098706171,1.04092577112882,0.522349966080095,-0.377409012938292,0.377409012938292,0.641111360744418
"Wallinga-Teunis",1.5,1.12259098706171,1.04092577112882,0.522349966080095,-0.377409012938292,0.377409012938292,0.641111360744418
"Wallinga-Teunis",1.5,1.12259098706171,1.04092577112882,0.522349966080095,-0.377409012938292,0.377409012938292,0.641111360744418
"Wallinga-Teunis",1.5,1.12259098706171,1.04092577112882,0.522349966080095,-0.377409012938292,0.377409012938292,0.641111360744418
"Wallinga-Teunis",1.5,1.12259098706171,1.04092577112882,0.522349966080095,-0.377409012938292,0.377409012938292,0.641111360744418
"Wallinga-Teunis",1.5,1.12259098706171,1.04092577112882,0.522349966080095,-0.377409012938292,0.377409012938292,0.641111360744418
"Wallinga-Teunis",1.5,1.12259098706171,1.04092577112882,0.522349966080095,-0.377409012938292,0.377409012938292,0.641111360744418
"Wallinga-Teunis",1.5,1.12259098706171,1.04092577112882,0.522349966080095,-0.377409012938292,0.377409012938292,0.641111360744418
"Wallinga-Teunis",1.5,1.12259098706171,1.04092577112882,0.522349966080095,-0.377409012938292,0.377409012938292,0.641111360744418
"Wallinga-Teunis",1.5,1.12259098706171,1.04092577112882,0.522349966080095,-0.377409012938292,0.377409012938292,0.641111360744418
"Wallinga-Teunis",1.5,1.12259098706171,1.04092577112882,0.522349966080095,-0.377409012938292,0.377409012938292,0.641111360744418
"Wallinga-Teunis",1.5,1.12259098706171,1.04092577112882,0.522349966080095,-0.377409012938292,0.377409012938292,0.641111360744418
"Wallinga-Teunis",1.5,1.12259098706171,1.04092577112882,0.522349966080095,-0.377409012938292,0.377409012938292,0.641111360744418
"Wallinga-Teunis",1.5,1.12259098706171,1.04092577112882,0.522349966080095,-0.377409012938292,0.377409012938292,0.641111360744418
"Wallinga-Teunis",1.5,1.12259098706171,1.04092577112882,0.522349966080095,-0.377409012938292,0.377409012938292,0.641111360744418
"Wallinga-Teunis",1.5,1.12259098706171,1.04092577112882,0.522349966080095,-0.377409012938292,0.377409012938292,0.641111360744418
"Wallinga-Teunis",1.5,1.12259098706171,1.04092577112882,0.522349966080095,-0.377409012938292,0.377409012938292,0.641111360744418
"Wallinga-Teunis",1.5,1.12259098706171,1.04092577112882,0.522349966080095,-0.377409012938292,0.377409012938292,0.641111360744418
"Wallinga-Teunis",1.5,1.12259098706171,1.04092577112882,0.522349966080095,-0.377409012938292,0.377409012938292,0.641111360744418
"Wallinga-Teunis",1.5,1.12259098706171,1.04092577112882,0.522349966080095,-0.377409012938292,0.377409012938292,0.641111360744418
"Wallinga-Teunis",1.5,1.12259098706171,1.04092577112882,0.522349966080095,-0.377409012938292,0.377409012938292,0.641111360744418
"Wallinga-Teunis",1.5,1.12259098706171,1.04092577112882,0.522349966080095,-0.377409012938292,0.377409012938292,0.641111360744418
"Wallinga-Teunis",1.5,1.12259098706171,1.04092577112882,0.522349966080095,-0.377409012938292,0.377409012938292,0.641111360744418
"Wallinga-Teunis",1.5,1.12259098706171,1.04092577112882,0.522349966080095,-0.377409012938292,0.377409012938292,0.641111360744418
"Wallinga-Teunis",1.5,1.12259098706171,1.04092577112882,0.522349966080095,-0.377409012938292,0.377409012938292,0.641111360744418
"Wallinga-Teunis",1.5,1.12259098706171,1.04092577112882,0.522349966080095,-0.377409012938292,0.377409012938292,0.641111360744418
"Wallinga-Teunis",1.5,1.12259098706171,1.04092577112882,0.522349966080095,-0.377409012938292,0.377409012938292,0.641111360744418
"Wallinga-Teunis",2,0.812171070099601,0.471670183141876,0.58709071528361,-1.1878289299004,1.1878289299004,1.3229616471646
"Wallinga-Teunis",2,0.812171070099601,0.471670183141876,0.58709071528361,-1.1878289299004,1.1878289299004,1.3229616471646
"Wallinga-Teunis",2,0.812171070099601,0.471670183141876,0.58709071528361,-1.1878289299004,1.1878289299004,1.3229616471646
"Wallinga-Teunis",2,0.812171070099601,0.471670183141876,0.58709071528361,-1.1878289299004,1.1878289299004,1.3229616471646
"Wallinga-Teunis",2,0.812171070099601,0.471670183141876,0.58709071528361,-1.1878289299004,1.1878289299004,1.3229616471646
"Wallinga-Teunis",2,0.812171070099601,0.471670183141876,0.58709071528361,-1.1878289299004,1.1878289299004,1.3229616471646
"Wallinga-Teunis",2,0.812171070099601,0.471670183141876,0.58709071528361,-1.1878289299004,1.1878289299004,1.3229616471646
"Wallinga-Teunis",2,0.812171070099601,0.471670183141876,0.58709071528361,-1.1878289299004,1.1878289299004,1.3229616471646
"Wallinga-Teunis",2,0.812171070099601,0.471670183141876,0.58709071528361,-1.1878289299004,1.1878289299004,1.3229616471646
"Wallinga-Teunis",2,0.812171070099601,0.471670183141876,0.58709071528361,-1.1878289299004,1.1878289299004,1.3229616471646
"Wallinga-Teunis",2,0.812171070099601,0.471670183141876,0.58709071528361,-1.1878289299004,1.1878289299004,1.3229616471646
"Wallinga-Teunis",2,0.812171070099601,0.471670183141876,0.58709071528361,-1.1878289299004,1.1878289299004,1.3229616471646
"Wallinga-Teunis",2,0.812171070099601,0.471670183141876,0.58709071528361,-1.1878289299004,1.1878289299004,1.3229616471646
"Wallinga-Teunis",2,0.812171070099601,0.471670183141876,0.58709071528361,-1.1878289299004,1.1878289299004,1.3229616471646
"Wallinga-Teunis",2,0.812171070099601,0.471670183141876,0.58709071528361,-1.1878289299004,1.1878289299004,1.3229616471646
"Wallinga-Teunis",2,0.812171070099601,0.471670183141876,0.58709071528361,-1.1878289299004,1.1878289299004,1.3229616471646
"Wallinga-Teunis",2,0.812171070099601,0.471670183141876,0.58709071528361,-1.1878289299004,1.1878289299004,1.3229616471646
"Wallinga-Teunis",2,0.812171070099601,0.471670183141876,0.58709071528361,-1.1878289299004,1.1878289299004,1.3229616471646
"Wallinga-Teunis",2,0.812171070099601,0.471670183141876,0.58709071528361,-1.1878289299004,1.1878289299004,1.3229616471646
"Wallinga-Teunis",2,0.812171070099601,0.471670183141876,0.58709071528361,-1.1878289299004,1.1878289299004,1.3229616471646
"Wallinga-Teunis",2,0.812171070099601,0.471670183141876,0.58709071528361,-1.1878289299004,1.1878289299004,1.3229616471646
"Wallinga-Teunis",2,0.812171070099601,0.471670183141876,0.58709071528361,-1.1878289299004,1.1878289299004,1.3229616471646
"Wallinga-Teunis",2,0.812171070099601,0.471670183141876,0.58709071528361,-1.1878289299004,1.1878289299004,1.3229616471646
"Wallinga-Teunis",2,0.812171070099601,0.471670183141876,0.58709071528361,-1.1878289299004,1.1878289299004,1.3229616471646
"Wallinga-Teunis",2,0.812171070099601,0.471670183141876,0.58709071528361,-1.1878289299004,1.1878289299004,1.3229616471646
"Wallinga-Teunis",2,0.812171070099601,0.471670183141876,0.58709071528361,-1.1878289299004,1.1878289299004,1.3229616471646
"Wallinga-Teunis",2,0.812171070099601,0.471670183141876,0.58709071528361,-1.1878289299004,1.1878289299004,1.3229616471646
"Wallinga-Teunis",2,0.812171070099601,0.471670183141876,0.58709071528361,-1.1878289299004,1.1878289299004,1.3229616471646
"Wallinga-Teunis",2,0.812171070099601,0.471670183141876,0.58709071528361,-1.1878289299004,1.1878289299004,1.3229616471646
"Wallinga-Teunis",2,0.812171070099601,0.471670183141876,0.58709071528361,-1.1878289299004,1.1878289299004,1.3229616471646
"Wallinga-Teunis",2,0.812171070099601,0.471670183141876,0.58709071528361,-1.1878289299004,1.1878289299004,1.3229616471646
"Wallinga-Teunis",2,0.812171070099601,0.471670183141876,0.58709071528361,-1.1878289299004,1.1878289299004,1.3229616471646
"Wallinga-Teunis",2,0.812171070099601,0.471670183141876,0.58709071528361,-1.1878289299004,1.1878289299004,1.3229616471646
"Wallinga-Teunis",2,0.812171070099601,0.471670183141876,0.58709071528361,-1.1878289299004,1.1878289299004,1.3229616471646
"Wallinga-Teunis",2,0.812171070099601,0.471670183141876,0.58709071528361,-1.1878289299004,1.1878289299004,1.3229616471646
"Wallinga-Teunis",2,0.812171070099601,0.471670183141876,0.58709071528361,-1.1878289299004,1.1878289299004,1.3229616471646
"Wallinga-Teunis",2,0.812171070099601,0.471670183141876,0.58709071528361,-1.1878289299004,1.1878289299004,1.3229616471646
"Wallinga-Teunis",2,0.812171070099601,0.471670183141876,0.58709071528361,-1.1878289299004,1.1878289299004,1.3229616471646
"Wallinga-Teunis",2,0.812171070099601,0.471670183141876,0.58709071528361,-1.1878289299004,1.1878289299004,1.3229616471646
"Wallinga-Teunis",2,0.812171070099601,0.471670183141876,0.58709071528361,-1.1878289299004,1.1878289299004,1.3229616471646
"Wallinga-Teunis",2,0.812171070099601,0.471670183141876,0.58709071528361,-1.1878289299004,1.1878289299004,1.3229616471646
"Wallinga-Teunis",2,0.812171070099601,0.471670183141876,0.58709071528361,-1.1878289299004,1.1878289299004,1.3229616471646
"Wallinga-Teunis",2,0.812171070099601,0.471670183141876,0.58709071528361,-1.1878289299004,1.1878289299004,1.3229616471646
"Wallinga-Teunis",2,0.812171070099601,0.471670183141876,0.58709071528361,-1.1878289299004,1.1878289299004,1.3229616471646
"Wallinga-Teunis",2,0.812171070099601,0.471670183141876,0.58709071528361,-1.1878289299004,1.1878289299004,1.3229616471646
"Wallinga-Teunis",2,0.812171070099601,0.471670183141876,0.58709071528361,-1.1878289299004,1.1878289299004,1.3229616471646
"Wallinga-Teunis",2,0.812171070099601,0.471670183141876,0.58709071528361,-1.1878289299004,1.1878289299004,1.3229616471646
"Wallinga-Teunis",2,0.812171070099601,0.471670183141876,0.58709071528361,-1.1878289299004,1.1878289299004,1.3229616471646
"Wallinga-Teunis",2,0.812171070099601,0.471670183141876,0.58709071528361,-1.1878289299004,1.1878289299004,1.3229616471646
"Wallinga-Teunis",2,0.812171070099601,0.471670183141876,0.58709071528361,-1.1878289299004,1.1878289299004,1.3229616471646
"Wallinga-Teunis",2,0.812171070099601,0.471670183141876,0.58709071528361,-1.1878289299004,1.1878289299004,1.3229616471646
"Wallinga-Teunis",2,0.812171070099601,0.471670183141876,0.58709071528361,-1.1878289299004,1.1878289299004,1.3229616471646
"Wallinga-Teunis",2,0.812171070099601,0.471670183141876,0.58709071528361,-1.1878289299004,1.1878289299004,1.3229616471646
"Wallinga-Teunis",2,0.812171070099601,0.471670183141876,0.58709071528361,-1.1878289299004,1.1878289299004,1.3229616471646
"Wallinga-Teunis",2,0.812171070099601,0.471670183141876,0.58709071528361,-1.1878289299004,1.1878289299004,1.3229616471646
"Wallinga-Teunis",2,0.812171070099601,0.471670183141876,0.58709071528361,-1.1878289299004,1.1878289299004,1.3229616471646
"Wallinga-Teunis",2,0.812171070099601,0.471670183141876,0.58709071528361,-1.1878289299004,1.1878289299004,1.3229616471646
"Wallinga-Teunis",2,0.812171070099601,0.471670183141876,0.58709071528361,-1.1878289299004,1.1878289299004,1.3229616471646
"Wallinga-Teunis",2,0.812171070099601,0.471670183141876,0.58709071528361,-1.1878289299004,1.1878289299004,1.3229616471646
"Wallinga-Teunis",2,0.812171070099601,0.471670183141876,0.58709071528361,-1.1878289299004,1.1878289299004,1.3229616471646
"Wallinga-Teunis",2,0.812171070099601,0.471670183141876,0.58709071528361,-1.1878289299004,1.1878289299004,1.3229616471646
"Wallinga-Teunis",2,0.812171070099601,0.471670183141876,0.58709071528361,-1.1878289299004,1.1878289299004,1.3229616471646
"Wallinga-Teunis",2,0.812171070099601,0.471670183141876,0.58709071528361,-1.1878289299004,1.1878289299004,1.3229616471646
"Wallinga-Teunis",2,0.812171070099601,0.471670183141876,0.58709071528361,-1.1878289299004,1.1878289299004,1.3229616471646
"Wallinga-Teunis",3,0.498634378809928,0.338995752640989,0.388036407391993,-2.50136562119007,2.50136562119007,2.53081993292153
"Wallinga-Teunis",3,0.498634378809928,0.338995752640989,0.388036407391993,-2.50136562119007,2.50136562119007,2.53081993292153
"Wallinga-Teunis",3,0.498634378809928,0.338995752640989,0.388036407391993,-2.50136562119007,2.50136562119007,2.53081993292153
"Wallinga-Teunis",3,0.498634378809928,0.338995752640989,0.388036407391993,-2.50136562119007,2.50136562119007,2.53081993292153
"Wallinga-Teunis",3,0.498634378809928,0.338995752640989,0.388036407391993,-2.50136562119007,2.50136562119007,2.53081993292153
"Wallinga-Teunis",3,0.498634378809928,0.338995752640989,0.388036407391993,-2.50136562119007,2.50136562119007,2.53081993292153
"Wallinga-Teunis",3,0.498634378809928,0.338995752640989,0.388036407391993,-2.50136562119007,2.50136562119007,2.53081993292153
"Wallinga-Teunis",3,0.498634378809928,0.338995752640989,0.388036407391993,-2.50136562119007,2.50136562119007,2.53081993292153
"Wallinga-Teunis",3,0.498634378809928,0.338995752640989,0.388036407391993,-2.50136562119007,2.50136562119007,2.53081993292153
"Wallinga-Teunis",3,0.498634378809928,0.338995752640989,0.388036407391993,-2.50136562119007,2.50136562119007,2.53081993292153
"Wallinga-Teunis",3,0.498634378809928,0.338995752640989,0.388036407391993,-2.50136562119007,2.50136562119007,2.53081993292153
"Wallinga-Teunis",3,0.498634378809928,0.338995752640989,0.388036407391993,-2.50136562119007,2.50136562119007,2.53081993292153
"Wallinga-Teunis",3,0.498634378809928,0.338995752640989,0.388036407391993,-2.50136562119007,2.50136562119007,2.53081993292153
"Wallinga-Teunis",3,0.498634378809928,0.338995752640989,0.388036407391993,-2.50136562119007,2.50136562119007,2.53081993292153
"Wallinga-Teunis",3,0.498634378809928,0.338995752640989,0.388036407391993,-2.50136562119007,2.50136562119007,2.53081993292153
"Wallinga-Teunis",3,0.498634378809928,0.338995752640989,0.388036407391993,-2.50136562119007,2.50136562119007,2.53081993292153
"Wallinga-Teunis",3,0.498634378809928,0.338995752640989,0.388036407391993,-2.50136562119007,2.50136562119007,2.53081993292153
"Wallinga-Teunis",3,0.498634378809928,0.338995752640989,0.388036407391993,-2.50136562119007,2.50136562119007,2.53081993292153
"Wallinga-Teunis",3,0.498634378809928,0.338995752640989,0.388036407391993,-2.50136562119007,2.50136562119007,2.53081993292153
"Wallinga-Teunis",3,0.498634378809928,0.338995752640989,0.388036407391993,-2.50136562119007,2.50136562119007,2.53081993292153
"Wallinga-Teunis",3,0.498634378809928,0.338995752640989,0.388036407391993,-2.50136562119007,2.50136562119007,2.53081993292153
"Wallinga-Teunis",3,0.498634378809928,0.338995752640989,0.388036407391993,-2.50136562119007,2.50136562119007,2.53081993292153
"Wallinga-Teunis",3,0.498634378809928,0.338995752640989,0.388036407391993,-2.50136562119007,2.50136562119007,2.53081993292153
"Wallinga-Teunis",3,0.498634378809928,0.338995752640989,0.388036407391993,-2.50136562119007,2.50136562119007,2.53081993292153
"Wallinga-Teunis",3,0.498634378809928,0.338995752640989,0.388036407391993,-2.50136562119007,2.50136562119007,2.53081993292153
"Wallinga-Teunis",3,0.498634378809928,0.338995752640989,0.388036407391993,-2.50136562119007,2.50136562119007,2.53081993292153
"Wallinga-Teunis",3,0.498634378809928,0.338995752640989,0.388036407391993,-2.50136562119007,2.50136562119007,2.53081993292153
"Wallinga-Teunis",3,0.498634378809928,0.338995752640989,0.388036407391993,-2.50136562119007,2.50136562119007,2.53081993292153
"Wallinga-Teunis",3,0.498634378809928,0.338995752640989,0.388036407391993,-2.50136562119007,2.50136562119007,2.53081993292153
"Wallinga-Teunis",3,0.498634378809928,0.338995752640989,0.388036407391993,-2.50136562119007,2.50136562119007,2.53081993292153
"Wallinga-Teunis",3,0.498634378809928,0.338995752640989,0.388036407391993,-2.50136562119007,2.50136562119007,2.53081993292153
"Wallinga-Teunis",3,0.498634378809928,0.338995752640989,0.388036407391993,-2.50136562119007,2.50136562119007,2.53081993292153
"Wallinga-Teunis",3,0.498634378809928,0.338995752640989,0.388036407391993,-2.50136562119007,2.50136562119007,2.53081993292153
"Wallinga-Teunis",3,0.498634378809928,0.338995752640989,0.388036407391993,-2.50136562119007,2.50136562119007,2.53081993292153
"Wallinga-Teunis",3,0.498634378809928,0.338995752640989,0.388036407391993,-2.50136562119007,2.50136562119007,2.53081993292153
"Wallinga-Teunis",3,0.498634378809928,0.338995752640989,0.388036407391993,-2.50136562119007,2.50136562119007,2.53081993292153
"Wallinga-Teunis",3,0.498634378809928,0.338995752640989,0.388036407391993,-2.50136562119007,2.50136562119007,2.53081993292153
"Wallinga-Teunis",3,0.498634378809928,0.338995752640989,0.388036407391993,-2.50136562119007,2.50136562119007,2.53081993292153
"Wallinga-Teunis",3,0.498634378809928,0.338995752640989,0.388036407391993,-2.50136562119007,2.50136562119007,2.53081993292153
"Wallinga-Teunis",3,0.498634378809928,0.338995752640989,0.388036407391993,-2.50136562119007,2.50136562119007,2.53081993292153
"Wallinga-Teunis",3,0.498634378809928,0.338995752640989,0.388036407391993,-2.50136562119007,2.50136562119007,2.53081993292153
"Wallinga-Teunis",3,0.498634378809928,0.338995752640989,0.388036407391993,-2.50136562119007,2.50136562119007,2.53081993292153
"Wallinga-Teunis",3,0.498634378809928,0.338995752640989,0.388036407391993,-2.50136562119007,2.50136562119007,2.53081993292153
"Wallinga-Teunis",3,0.498634378809928,0.338995752640989,0.388036407391993,-2.50136562119007,2.50136562119007,2.53081993292153
"Wallinga-Teunis",3,0.498634378809928,0.338995752640989,0.388036407391993,-2.50136562119007,2.50136562119007,2.53081993292153
"Wallinga-Teunis",3,0.498634378809928,0.338995752640989,0.388036407391993,-2.50136562119007,2.50136562119007,2.53081993292153
"Wallinga-Teunis",3,0.498634378809928,0.338995752640989,0.388036407391993,-2.50136562119007,2.50136562119007,2.53081993292153
"Wallinga-Teunis",3,0.498634378809928,0.338995752640989,0.388036407391993,-2.50136562119007,2.50136562119007,2.53081993292153
"Wallinga-Teunis",3,0.498634378809928,0.338995752640989,0.388036407391993,-2.50136562119007,2.50136562119007,2.53081993292153
"Wallinga-Teunis",3,0.498634378809928,0.338995752640989,0.388036407391993,-2.50136562119007,2.50136562119007,2.53081993292153
"Wallinga-Teunis",3,0.498634378809928,0.338995752640989,0.388036407391993,-2.50136562119007,2.50136562119007,2.53081993292153
"Wallinga-Teunis",3,0.498634378809928,0.338995752640989,0.388036407391993,-2.50136562119007,2.50136562119007,2.53081993292153
"Wallinga-Teunis",3,0.498634378809928,0.338995752640989,0.388036407391993,-2.50136562119007,2.50136562119007,2.53081993292153
"Wallinga-Teunis",3,0.498634378809928,0.338995752640989,0.388036407391993,-2.50136562119007,2.50136562119007,2.53081993292153
"Wallinga-Teunis",3,0.498634378809928,0.338995752640989,0.388036407391993,-2.50136562119007,2.50136562119007,2.53081993292153
"Wallinga-Teunis",3,0.498634378809928,0.338995752640989,0.388036407391993,-2.50136562119007,2.50136562119007,2.53081993292153
"Wallinga-Teunis",3,0.498634378809928,0.338995752640989,0.388036407391993,-2.50136562119007,2.50136562119007,2.53081993292153
"Wallinga-Teunis",3,0.498634378809928,0.338995752640989,0.388036407391993,-2.50136562119007,2.50136562119007,2.53081993292153
"Wallinga-Teunis",3,0.498634378809928,0.338995752640989,0.388036407391993,-2.50136562119007,2.50136562119007,2.53081993292153
"Wallinga-Teunis",3,0.498634378809928,0.338995752640989,0.388036407391993,-2.50136562119007,2.50136562119007,2.53081993292153
"Wallinga-Teunis",3,0.498634378809928,0.338995752640989,0.388036407391993,-2.50136562119007,2.50136562119007,2.53081993292153
"Wallinga-Teunis",3,0.498634378809928,0.338995752640989,0.388036407391993,-2.50136562119007,2.50136562119007,2.53081993292153
"Wallinga-Teunis",3,0.498634378809928,0.338995752640989,0.388036407391993,-2.50136562119007,2.50136562119007,2.53081993292153
"Wallinga-Teunis",3,0.498634378809928,0.338995752640989,0.388036407391993,-2.50136562119007,2.50136562119007,2.53081993292153
"Wallinga-Teunis",5,0.309016276416035,0.309389717479722,0.153266295937642,-4.69098372358396,4.69098372358396,4.69344775324491
"Wallinga-Teunis",5,0.309016276416035,0.309389717479722,0.153266295937642,-4.69098372358396,4.69098372358396,4.69344775324491
"Wallinga-Teunis",5,0.309016276416035,0.309389717479722,0.153266295937642,-4.69098372358396,4.69098372358396,4.69344775324491
"Wallinga-Teunis",5,0.309016276416035,0.309389717479722,0.153266295937642,-4.69098372358396,4.69098372358396,4.69344775324491
"Wallinga-Teunis",5,0.309016276416035,0.309389717479722,0.153266295937642,-4.69098372358396,4.69098372358396,4.69344775324491
"Wallinga-Teunis",5,0.309016276416035,0.309389717479722,0.153266295937642,-4.69098372358396,4.69098372358396,4.69344775324491
"Wallinga-Teunis",5,0.309016276416035,0.309389717479722,0.153266295937642,-4.69098372358396,4.69098372358396,4.69344775324491
"Wallinga-Teunis",5,0.309016276416035,0.309389717479722,0.153266295937642,-4.69098372358396,4.69098372358396,4.69344775324491
"Wallinga-Teunis",5,0.309016276416035,0.309389717479722,0.153266295937642,-4.69098372358396,4.69098372358396,4.69344775324491
"Wallinga-Teunis",5,0.309016276416035,0.309389717479722,0.153266295937642,-4.69098372358396,4.69098372358396,4.69344775324491
"Wallinga-Teunis",5,0.309016276416035,0.309389717479722,0.153266295937642,-4.69098372358396,4.69098372358396,4.69344775324491
"Wallinga-Teunis",5,0.309016276416035,0.309389717479722,0.153266295937642,-4.69098372358396,4.69098372358396,4.69344775324491
"Wallinga-Teunis",5,0.309016276416035,0.309389717479722,0.153266295937642,-4.69098372358396,4.69098372358396,4.69344775324491
"Wallinga-Teunis",5,0.309016276416035,0.309389717479722,0.153266295937642,-4.69098372358396,4.69098372358396,4.69344775324491
"Wallinga-Teunis",5,0.309016276416035,0.309389717479722,0.153266295937642,-4.69098372358396,4.69098372358396,4.69344775324491
"Wallinga-Teunis",5,0.309016276416035,0.309389717479722,0.153266295937642,-4.69098372358396,4.69098372358396,4.69344775324491
"Wallinga-Teunis",5,0.309016276416035,0.309389717479722,0.153266295937642,-4.69098372358396,4.69098372358396,4.69344775324491
"Wallinga-Teunis",5,0.309016276416035,0.309389717479722,0.153266295937642,-4.69098372358396,4.69098372358396,4.69344775324491
"Wallinga-Teunis",5,0.309016276416035,0.309389717479722,0.153266295937642,-4.69098372358396,4.69098372358396,4.69344775324491
"Wallinga-Teunis",5,0.309016276416035,0.309389717479722,0.153266295937642,-4.69098372358396,4.69098372358396,4.69344775324491
"Wallinga-Teunis",5,0.309016276416035,0.309389717479722,0.153266295937642,-4.69098372358396,4.69098372358396,4.69344775324491
"Wallinga-Teunis",5,0.309016276416035,0.309389717479722,0.153266295937642,-4.69098372358396,4.69098372358396,4.69344775324491
"Wallinga-Teunis",5,0.309016276416035,0.309389717479722,0.153266295937642,-4.69098372358396,4.69098372358396,4.69344775324491
"Wallinga-Teunis",5,0.309016276416035,0.309389717479722,0.153266295937642,-4.69098372358396,4.69098372358396,4.69344775324491
"Wallinga-Teunis",5,0.309016276416035,0.309389717479722,0.153266295937642,-4.69098372358396,4.69098372358396,4.69344775324491
"Wallinga-Teunis",5,0.309016276416035,0.309389717479722,0.153266295937642,-4.69098372358396,4.69098372358396,4.69344775324491
"Wallinga-Teunis",5,0.309016276416035,0.309389717479722,0.153266295937642,-4.69098372358396,4.69098372358396,4.69344775324491
"Wallinga-Teunis",5,0.309016276416035,0.309389717479722,0.153266295937642,-4.69098372358396,4.69098372358396,4.69344775324491
"Wallinga-Teunis",5,0.309016276416035,0.309389717479722,0.153266295937642,-4.69098372358396,4.69098372358396,4.69344775324491
"Wallinga-Teunis",5,0.309016276416035,0.309389717479722,0.153266295937642,-4.69098372358396,4.69098372358396,4.69344775324491
"Wallinga-Teunis",5,0.309016276416035,0.309389717479722,0.153266295937642,-4.69098372358396,4.69098372358396,4.69344775324491
"Wallinga-Teunis",5,0.309016276416035,0.309389717479722,0.153266295937642,-4.69098372358396,4.69098372358396,4.69344775324491
"Wallinga-Teunis",5,0.309016276416035,0.309389717479722,0.153266295937642,-4.69098372358396,4.69098372358396,4.69344775324491
"Wallinga-Teunis",5,0.309016276416035,0.309389717479722,0.153266295937642,-4.69098372358396,4.69098372358396,4.69344775324491
"Wallinga-Teunis",5,0.309016276416035,0.309389717479722,0.153266295937642,-4.69098372358396,4.69098372358396,4.69344775324491
"Wallinga-Teunis",5,0.309016276416035,0.309389717479722,0.153266295937642,-4.69098372358396,4.69098372358396,4.69344775324491
"Wallinga-Teunis",5,0.309016276416035,0.309389717479722,0.153266295937642,-4.69098372358396,4.69098372358396,4.69344775324491
"Wallinga-Teunis",5,0.309016276416035,0.309389717479722,0.153266295937642,-4.69098372358396,4.69098372358396,4.69344775324491
"Wallinga-Teunis",5,0.309016276416035,0.309389717479722,0.153266295937642,-4.69098372358396,4.69098372358396,4.69344775324491
"Wallinga-Teunis",5,0.309016276416035,0.309389717479722,0.153266295937642,-4.69098372358396,4.69098372358396,4.69344775324491
"Wallinga-Teunis",5,0.309016276416035,0.309389717479722,0.153266295937642,-4.69098372358396,4.69098372358396,4.69344775324491
"Wallinga-Teunis",5,0.309016276416035,0.309389717479722,0.153266295937642,-4.69098372358396,4.69098372358396,4.69344775324491
"Wallinga-Teunis",5,0.309016276416035,0.309389717479722,0.153266295937642,-4.69098372358396,4.69098372358396,4.69344775324491
"Wallinga-Teunis",5,0.309016276416035,0.309389717479722,0.153266295937642,-4.69098372358396,4.69098372358396,4.69344775324491
"Wallinga-Teunis",5,0.309016276416035,0.309389717479722,0.153266295937642,-4.69098372358396,4.69098372358396,4.69344775324491
"Wallinga-Teunis",5,0.309016276416035,0.309389717479722,0.153266295937642,-4.69098372358396,4.69098372358396,4.69344775324491
"Wallinga-Teunis",5,0.309016276416035,0.309389717479722,0.153266295937642,-4.69098372358396,4.69098372358396,4.69344775324491
"Wallinga-Teunis",5,0.309016276416035,0.309389717479722,0.153266295937642,-4.69098372358396,4.69098372358396,4.69344775324491
"Wallinga-Teunis",5,0.309016276416035,0.309389717479722,0.153266295937642,-4.69098372358396,4.69098372358396,4.69344775324491
"Wallinga-Teunis",5,0.309016276416035,0.309389717479722,0.153266295937642,-4.69098372358396,4.69098372358396,4.69344775324491
"Wallinga-Teunis",5,0.309016276416035,0.309389717479722,0.153266295937642,-4.69098372358396,4.69098372358396,4.69344775324491
"Wallinga-Teunis",5,0.309016276416035,0.309389717479722,0.153266295937642,-4.69098372358396,4.69098372358396,4.69344775324491
"Wallinga-Teunis",5,0.309016276416035,0.309389717479722,0.153266295937642,-4.69098372358396,4.69098372358396,4.69344775324491
"Wallinga-Teunis",5,0.309016276416035,0.309389717479722,0.153266295937642,-4.69098372358396,4.69098372358396,4.69344775324491
"Wallinga-Teunis",5,0.309016276416035,0.309389717479722,0.153266295937642,-4.69098372358396,4.69098372358396,4.69344775324491
"Wallinga-Teunis",5,0.309016276416035,0.309389717479722,0.153266295937642,-4.69098372358396,4.69098372358396,4.69344775324491
"Wallinga-Teunis",5,0.309016276416035,0.309389717479722,0.153266295937642,-4.69098372358396,4.69098372358396,4.69344775324491
"Wallinga-Teunis",5,0.309016276416035,0.309389717479722,0.153266295937642,-4.69098372358396,4.69098372358396,4.69344775324491
"Wallinga-Teunis",5,0.309016276416035,0.309389717479722,0.153266295937642,-4.69098372358396,4.69098372358396,4.69344775324491
"Wallinga-Teunis",5,0.309016276416035,0.309389717479722,0.153266295937642,-4.69098372358396,4.69098372358396,4.69344775324491
"Wallinga-Teunis",5,0.309016276416035,0.309389717479722,0.153266295937642,-4.69098372358396,4.69098372358396,4.69344775324491
"Wallinga-Teunis",5,0.309016276416035,0.309389717479722,0.153266295937642,-4.69098372358396,4.69098372358396,4.69344775324491
"Wallinga-Teunis",5,0.309016276416035,0.309389717479722,0.153266295937642,-4.69098372358396,4.69098372358396,4.69344775324491
"Wallinga-Teunis",5,0.309016276416035,0.309389717479722,0.153266295937642,-4.69098372358396,4.69098372358396,4.69344775324491
